id,case_number,title,fir_id,status,case_priority,assigned_officer,officer,district,opened_at,updated_at,summary,crime_type
1,202600001,Dacoity — Tumakuru,1,under_investigation,critical,57,Chetan Achar,Tumakuru,2026-02-12 00:00:00,2026-05-27 00:00:00,Investigation into dacoity in Tumakuru. Modus operandi armed robbery. AI has linked this record to related incidents in the region.,Dacoity
2,202600002,Vehicle Theft — Tumakuru,2,under_investigation,medium,56,Suresh Murthy,Tumakuru,2026-06-08 00:00:00,2026-06-21 00:00:00,Investigation into vehicle theft in Tumakuru. Modus operandi vehicle lifting. AI has linked this record to related incidents in the region.,Vehicle Theft
3,202600001,House Theft — Belagavi,3,under_investigation,medium,30,Lokesh Naik,Belagavi,2026-06-04 00:00:00,2026-05-16 00:00:00,Investigation into house theft in Belagavi. Modus operandi lock breaking. AI has linked this record to related incidents in the region.,House Theft
4,202500001,Counterfeiting — Shivamogga,4,charge_sheeted,high,53,Riyaz Bhat,Shivamogga,2025-05-10 00:00:00,2026-06-17 00:00:00,Investigation into counterfeiting in Shivamogga. Modus operandi syndicate. AI has linked this record to related incidents in the region.,Counterfeiting
5,202600001,Burglary — Shivamogga,5,under_investigation,medium,49,Abdul Bhat,Shivamogga,2026-04-30 00:00:00,2026-06-23 00:00:00,Investigation into burglary in Shivamogga. Modus operandi lock breaking. AI has linked this record to related incidents in the region.,Burglary
6,202600001,Assault — Mysuru,6,closed,medium,8,Abdul Patil,Mysuru,2026-05-11 00:00:00,2026-06-09 00:00:00,Investigation into assault in Mysuru. Modus operandi street fight. AI has linked this record to related incidents in the region.,Assault
7,202500001,Drug Trafficking — Udupi,7,closed,high,65,Darshan Naik,Udupi,2025-12-14 00:00:00,2026-06-16 00:00:00,Investigation into drug trafficking in Udupi. Modus operandi drug courier. AI has linked this record to related incidents in the region.,Drug Trafficking
8,202500001,Cybercrime — Kalaburagi,8,registered,medium,31,Chetan Murthy,Kalaburagi,2025-06-06 00:00:00,2026-06-01 00:00:00,Investigation into cybercrime in Kalaburagi. Modus operandi fake upi link. AI has linked this record to related incidents in the region.,Cybercrime
9,202600003,Burglary — Tumakuru,9,registered,medium,55,Naveen Bhat,Tumakuru,2026-05-13 00:00:00,2026-05-28 00:00:00,Investigation into burglary in Tumakuru. Modus operandi cctv blindspot. AI has linked this record to related incidents in the region.,Burglary
10,202500001,Cheating & Fraud — Mysuru,10,charge_sheeted,low,7,Umesh Naik,Mysuru,2025-04-23 00:00:00,2026-05-18 00:00:00,Investigation into cheating & fraud in Mysuru. Modus operandi impersonation. AI has linked this record to related incidents in the region.,Cheating & Fraud
11,202500001,Cybercrime — Vijayapura,11,closed,low,44,Kavya Shetty,Vijayapura,2025-11-21 00:00:00,2026-06-05 00:00:00,Investigation into cybercrime in Vijayapura. Modus operandi otp fraud. AI has linked this record to related incidents in the region.,Cybercrime
12,202600001,Assault — Hubballi-Dharwad,12,under_investigation,low,21,Praveen Reddy,Hubballi-Dharwad,2026-07-11 00:00:00,2026-06-13 00:00:00,Investigation into assault in Hubballi-Dharwad. Modus operandi personal enmity. AI has linked this record to related incidents in the region.,Assault
13,202600001,Vehicle Theft — Kalaburagi,13,under_investigation,medium,31,Chetan Murthy,Kalaburagi,2026-03-22 00:00:00,2026-06-26 00:00:00,Investigation into vehicle theft in Kalaburagi. Modus operandi vehicle lifting. AI has linked this record to related incidents in the region.,Vehicle Theft
14,202600001,Assault — Kalaburagi,14,charge_sheeted,medium,35,Deepak Kumar,Kalaburagi,2026-04-13 00:00:00,2026-05-30 00:00:00,Investigation into assault in Kalaburagi. Modus operandi personal enmity. AI has linked this record to related incidents in the region.,Assault
15,202600001,Vehicle Theft — Vijayapura,15,charge_sheeted,medium,45,Imran Kulkarni,Vijayapura,2026-04-08 00:00:00,2026-07-07 00:00:00,Investigation into vehicle theft in Vijayapura. Modus operandi vehicle lifting. AI has linked this record to related incidents in the region.,Vehicle Theft
16,202500001,Robbery — Belagavi,16,charge_sheeted,high,29,Anil Rao,Belagavi,2025-02-28 00:00:00,2026-06-06 00:00:00,Investigation into robbery in Belagavi. Modus operandi armed robbery. AI has linked this record to related incidents in the region.,Robbery
17,202600001,Vehicle Theft — Ballari,17,registered,medium,38,Nisha Murthy,Ballari,2026-02-17 00:00:00,2026-06-06 00:00:00,Investigation into vehicle theft in Ballari. Modus operandi duplicate key. AI has linked this record to related incidents in the region.,Vehicle Theft
18,202600001,Attempt to Murder — Belagavi,18,charge_sheeted,high,27,Ramesh Bhat,Belagavi,2026-01-21 00:00:00,2026-07-12 00:00:00,Investigation into attempt to murder in Belagavi. Modus operandi personal enmity. AI has linked this record to related incidents in the region.,Attempt to Murder
19,202600001,Burglary — Ballari,19,registered,medium,39,Ramesh Kumar,Ballari,2026-06-26 00:00:00,2026-06-27 00:00:00,Investigation into burglary in Ballari. Modus operandi lock breaking. AI has linked this record to related incidents in the region.,Burglary
20,202500002,Chain Snatching — Mysuru,20,charge_sheeted,medium,9,Suresh Murthy,Mysuru,2025-04-01 00:00:00,2026-07-14 00:00:00,Investigation into chain snatching in Mysuru. Modus operandi crowded market. AI has linked this record to related incidents in the region.,Chain Snatching
21,202500002,Vehicle Theft — Vijayapura,21,registered,low,45,Imran Kulkarni,Vijayapura,2025-07-16 00:00:00,2026-06-21 00:00:00,Investigation into vehicle theft in Vijayapura. Modus operandi vehicle lifting. AI has linked this record to related incidents in the region.,Vehicle Theft
22,202600002,Vehicle Theft — Belagavi,22,under_investigation,low,26,Ganesh Kumar,Belagavi,2026-03-18 00:00:00,2026-05-23 00:00:00,Investigation into vehicle theft in Belagavi. Modus operandi duplicate key. AI has linked this record to related incidents in the region.,Vehicle Theft
23,202600001,Cheating & Fraud — Mysuru,23,under_investigation,medium,11,Riyaz Reddy,Mysuru,2026-05-19 00:00:00,2026-05-24 00:00:00,Investigation into cheating & fraud in Mysuru. Modus operandi impersonation. AI has linked this record to related incidents in the region.,Cheating & Fraud
24,202600001,Vehicle Theft — Bengaluru Urban,24,charge_sheeted,medium,5,Deepak Hebbar,Bengaluru Urban,2026-06-20 00:00:00,2026-06-19 00:00:00,Investigation into vehicle theft in Bengaluru Urban. Modus operandi duplicate key. AI has linked this record to related incidents in the region.,Vehicle Theft
25,202500001,Vehicle Theft — Vijayapura,25,under_investigation,medium,47,Mahesh Shetty,Vijayapura,2025-04-14 00:00:00,2026-06-20 00:00:00,Investigation into vehicle theft in Vijayapura. Modus operandi vehicle lifting. AI has linked this record to related incidents in the region.,Vehicle Theft
26,202500002,Vehicle Theft — Vijayapura,26,registered,medium,46,Mahesh Desai,Vijayapura,2025-04-20 00:00:00,2026-06-08 00:00:00,Investigation into vehicle theft in Vijayapura. Modus operandi duplicate key. AI has linked this record to related incidents in the region.,Vehicle Theft
27,202500001,Robbery — Ballari,27,under_investigation,high,40,Deepak Naik,Ballari,2025-07-11 00:00:00,2026-06-23 00:00:00,Investigation into robbery in Ballari. Modus operandi two wheeler getaway. AI has linked this record to related incidents in the region.,Robbery
28,202600001,Attempt to Murder — Hubballi-Dharwad,28,charge_sheeted,high,23,Naveen Kulkarni,Hubballi-Dharwad,2026-05-26 00:00:00,2026-06-06 00:00:00,Investigation into attempt to murder in Hubballi-Dharwad. Modus operandi personal enmity. AI has linked this record to related incidents in the region.,Attempt to Murder
29,202500001,Rioting — Ballari,29,charge_sheeted,low,42,Riyaz Bhat,Ballari,2025-08-11 00:00:00,2026-07-03 00:00:00,Investigation into rioting in Ballari. Modus operandi communal. AI has linked this record to related incidents in the region.,Rioting
30,202500001,Burglary — Belagavi,30,charge_sheeted,medium,26,Ganesh Kumar,Belagavi,2025-06-17 00:00:00,2026-06-25 00:00:00,Investigation into burglary in Belagavi. Modus operandi lock breaking. AI has linked this record to related incidents in the region.,Burglary
31,202600001,Rioting — Dakshina Kannada,31,charge_sheeted,low,16,Imran Murthy,Dakshina Kannada,2026-05-19 00:00:00,2026-06-09 00:00:00,Investigation into rioting in Dakshina Kannada. Modus operandi communal. AI has linked this record to related incidents in the region.,Rioting
32,202600002,Burglary — Belagavi,32,under_investigation,medium,30,Lokesh Naik,Belagavi,2026-03-05 00:00:00,2026-07-10 00:00:00,Investigation into burglary in Belagavi. Modus operandi lock breaking. AI has linked this record to related incidents in the region.,Burglary
33,202600002,Cybercrime — Shivamogga,33,closed,medium,51,Anil Naik,Shivamogga,2026-01-29 00:00:00,2026-06-12 00:00:00,Investigation into cybercrime in Shivamogga. Modus operandi otp fraud. AI has linked this record to related incidents in the region.,Cybercrime
34,202600003,Extortion — Belagavi,34,charge_sheeted,high,29,Anil Rao,Belagavi,2026-03-20 00:00:00,2026-07-10 00:00:00,Investigation into extortion in Belagavi. Modus operandi threat call. AI has linked this record to related incidents in the region.,Extortion
35,202600004,Rioting — Tumakuru,35,registered,low,55,Naveen Bhat,Tumakuru,2026-06-28 00:00:00,2026-06-21 00:00:00,Investigation into rioting in Tumakuru. Modus operandi mob. AI has linked this record to related incidents in the region.,Rioting
36,202600001,House Theft — Mandya,36,under_investigation,medium,69,Lakshmi Poojary,Mandya,2026-01-17 00:00:00,2026-05-22 00:00:00,Investigation into house theft in Mandya. Modus operandi insider info. AI has linked this record to related incidents in the region.,House Theft
37,202500001,Robbery — Shivamogga,37,charge_sheeted,high,50,Divya Gowda,Shivamogga,2025-02-06 00:00:00,2026-05-26 00:00:00,Investigation into robbery in Shivamogga. Modus operandi two wheeler getaway. AI has linked this record to related incidents in the region.,Robbery
38,202600001,Chain Snatching — Dakshina Kannada,38,charge_sheeted,medium,13,Rekha Rao,Dakshina Kannada,2026-03-25 00:00:00,2026-07-05 00:00:00,Investigation into chain snatching in Dakshina Kannada. Modus operandi crowded market. AI has linked this record to related incidents in the region.,Chain Snatching
39,202500002,Vehicle Theft — Belagavi,39,registered,medium,27,Ramesh Bhat,Belagavi,2025-02-20 00:00:00,2026-06-22 00:00:00,Investigation into vehicle theft in Belagavi. Modus operandi vehicle lifting. AI has linked this record to related incidents in the region.,Vehicle Theft
40,202500003,Assault — Vijayapura,40,charge_sheeted,medium,43,Kiran Bhat,Vijayapura,2025-09-23 00:00:00,2026-06-27 00:00:00,Investigation into assault in Vijayapura. Modus operandi personal enmity. AI has linked this record to related incidents in the region.,Assault
41,202500003,Kidnapping — Mysuru,41,charge_sheeted,high,8,Abdul Patil,Mysuru,2025-12-21 00:00:00,2026-05-25 00:00:00,Investigation into kidnapping in Mysuru. Modus operandi personal enmity. AI has linked this record to related incidents in the region.,Kidnapping
42,202600001,Cheating & Fraud — Vijayapura,42,under_investigation,medium,47,Mahesh Shetty,Vijayapura,2026-06-29 00:00:00,2026-07-07 00:00:00,Investigation into cheating & fraud in Vijayapura. Modus operandi fake investment. AI has linked this record to related incidents in the region.,Cheating & Fraud
43,202600001,Chain Snatching — Hubballi-Dharwad,43,under_investigation,low,21,Praveen Reddy,Hubballi-Dharwad,2026-01-26 00:00:00,2026-07-09 00:00:00,Investigation into chain snatching in Hubballi-Dharwad. Modus operandi two wheeler getaway. AI has linked this record to related incidents in the region.,Chain Snatching
44,202600002,Murder — Hubballi-Dharwad,44,closed,critical,20,Ganesh Kumar,Hubballi-Dharwad,2026-03-10 00:00:00,2026-06-06 00:00:00,Investigation into murder in Hubballi-Dharwad. Modus operandi personal enmity. AI has linked this record to related incidents in the region.,Murder
45,202500001,Cybercrime — Udupi,45,under_investigation,low,62,Abdul Naik,Udupi,2025-02-09 00:00:00,2026-05-30 00:00:00,Investigation into cybercrime in Udupi. Modus operandi impersonation. AI has linked this record to related incidents in the region.,Cybercrime
46,202600002,Vehicle Theft — Kalaburagi,46,under_investigation,low,35,Deepak Kumar,Kalaburagi,2026-07-02 00:00:00,2026-06-20 00:00:00,Investigation into vehicle theft in Kalaburagi. Modus operandi duplicate key. AI has linked this record to related incidents in the region.,Vehicle Theft
47,202500001,Cybercrime — Kalaburagi,47,under_investigation,medium,35,Deepak Kumar,Kalaburagi,2025-10-21 00:00:00,2026-06-27 00:00:00,Investigation into cybercrime in Kalaburagi. Modus operandi fake upi link. AI has linked this record to related incidents in the region.,Cybercrime
48,202600001,Chain Snatching — Kalaburagi,48,under_investigation,low,32,Prakash Hebbar,Kalaburagi,2026-05-08 00:00:00,2026-05-16 00:00:00,Investigation into chain snatching in Kalaburagi. Modus operandi crowded market. AI has linked this record to related incidents in the region.,Chain Snatching
49,202600003,Chain Snatching — Hubballi-Dharwad,49,charge_sheeted,medium,21,Praveen Reddy,Hubballi-Dharwad,2026-06-25 00:00:00,2026-06-28 00:00:00,Investigation into chain snatching in Hubballi-Dharwad. Modus operandi crowded market. AI has linked this record to related incidents in the region.,Chain Snatching
50,202600003,Robbery — Kalaburagi,50,registered,high,35,Deepak Kumar,Kalaburagi,2026-03-26 00:00:00,2026-05-18 00:00:00,Investigation into robbery in Kalaburagi. Modus operandi two wheeler getaway. AI has linked this record to related incidents in the region.,Robbery
51,202500001,Burglary — Mandya,51,charge_sheeted,low,67,Ganesh Rai,Mandya,2025-06-04 00:00:00,2026-06-18 00:00:00,Investigation into burglary in Mandya. Modus operandi lock breaking. AI has linked this record to related incidents in the region.,Burglary
52,202600002,Rioting — Kalaburagi,52,charge_sheeted,low,33,Pooja Patil,Kalaburagi,2026-02-09 00:00:00,2026-06-05 00:00:00,Investigation into rioting in Kalaburagi. Modus operandi mob. AI has linked this record to related incidents in the region.,Rioting
53,202600002,House Theft — Vijayapura,53,charge_sheeted,medium,43,Kiran Bhat,Vijayapura,2026-03-29 00:00:00,2026-06-04 00:00:00,Investigation into house theft in Vijayapura. Modus operandi lock breaking. AI has linked this record to related incidents in the region.,House Theft
54,202500002,House Theft — Udupi,54,under_investigation,medium,65,Darshan Naik,Udupi,2025-07-02 00:00:00,2026-06-15 00:00:00,Investigation into house theft in Udupi. Modus operandi lock breaking. AI has linked this record to related incidents in the region.,House Theft
55,202500001,Chain Snatching — Udupi,55,under_investigation,medium,64,Chetan Shastri,Udupi,2025-11-11 00:00:00,2026-07-10 00:00:00,Investigation into chain snatching in Udupi. Modus operandi two wheeler getaway. AI has linked this record to related incidents in the region.,Chain Snatching
56,202600002,Burglary — Mysuru,56,under_investigation,low,9,Suresh Murthy,Mysuru,2026-05-02 00:00:00,2026-05-22 00:00:00,Investigation into burglary in Mysuru. Modus operandi cctv blindspot. AI has linked this record to related incidents in the region.,Burglary
57,202500002,Robbery — Kalaburagi,57,under_investigation,high,31,Chetan Murthy,Kalaburagi,2025-03-25 00:00:00,2026-06-01 00:00:00,Investigation into robbery in Kalaburagi. Modus operandi two wheeler getaway. AI has linked this record to related incidents in the region.,Robbery
58,202500002,Cheating & Fraud — Udupi,58,under_investigation,low,61,Imran Shetty,Udupi,2025-11-23 00:00:00,2026-06-03 00:00:00,Investigation into cheating & fraud in Udupi. Modus operandi impersonation. AI has linked this record to related incidents in the region.,Cheating & Fraud
59,202500001,Dacoity — Hubballi-Dharwad,59,under_investigation,critical,21,Praveen Reddy,Hubballi-Dharwad,2025-05-17 00:00:00,2026-05-29 00:00:00,Investigation into dacoity in Hubballi-Dharwad. Modus operandi armed robbery. AI has linked this record to related incidents in the region.,Dacoity
60,202600002,Robbery — Mandya,60,under_investigation,high,67,Ganesh Rai,Mandya,2026-03-06 00:00:00,2026-06-02 00:00:00,Investigation into robbery in Mandya. Modus operandi two wheeler getaway. AI has linked this record to related incidents in the region.,Robbery
61,202600003,House Theft — Vijayapura,61,closed,medium,45,Imran Kulkarni,Vijayapura,2026-04-15 00:00:00,2026-07-07 00:00:00,Investigation into house theft in Vijayapura. Modus operandi lock breaking. AI has linked this record to related incidents in the region.,House Theft
62,202600004,Murder — Hubballi-Dharwad,62,closed,critical,21,Praveen Reddy,Hubballi-Dharwad,2026-04-10 00:00:00,2026-06-02 00:00:00,Investigation into murder in Hubballi-Dharwad. Modus operandi personal enmity. AI has linked this record to related incidents in the region.,Murder
63,202600001,Cheating & Fraud — Bengaluru Urban,63,under_investigation,medium,2,Nagaraj Murthy,Bengaluru Urban,2026-02-01 00:00:00,2026-05-29 00:00:00,Investigation into cheating & fraud in Bengaluru Urban. Modus operandi impersonation. AI has linked this record to related incidents in the region.,Cheating & Fraud
64,202600001,Vehicle Theft — Udupi,64,under_investigation,medium,66,Kavya Murthy,Udupi,2026-06-02 00:00:00,2026-05-16 00:00:00,Investigation into vehicle theft in Udupi. Modus operandi vehicle lifting. AI has linked this record to related incidents in the region.,Vehicle Theft
65,202600003,Robbery — Shivamogga,65,under_investigation,high,50,Divya Gowda,Shivamogga,2026-03-27 00:00:00,2026-06-24 00:00:00,Investigation into robbery in Shivamogga. Modus operandi two wheeler getaway. AI has linked this record to related incidents in the region.,Robbery
66,202500001,Cybercrime — Vijayapura,66,under_investigation,medium,46,Mahesh Desai,Vijayapura,2025-12-05 00:00:00,2026-06-15 00:00:00,Investigation into cybercrime in Vijayapura. Modus operandi otp fraud. AI has linked this record to related incidents in the region.,Cybercrime
67,202500003,Rioting — Udupi,67,charge_sheeted,medium,61,Imran Shetty,Udupi,2025-03-22 00:00:00,2026-05-25 00:00:00,Investigation into rioting in Udupi. Modus operandi mob. AI has linked this record to related incidents in the region.,Rioting
68,202600004,Vehicle Theft — Shivamogga,68,closed,medium,51,Anil Naik,Shivamogga,2026-07-11 00:00:00,2026-05-29 00:00:00,Investigation into vehicle theft in Shivamogga. Modus operandi duplicate key. AI has linked this record to related incidents in the region.,Vehicle Theft
69,202500004,Vehicle Theft — Mysuru,69,charge_sheeted,low,7,Umesh Naik,Mysuru,2025-03-13 00:00:00,2026-06-15 00:00:00,Investigation into vehicle theft in Mysuru. Modus operandi duplicate key. AI has linked this record to related incidents in the region.,Vehicle Theft
70,202500003,Cheating & Fraud — Belagavi,70,registered,low,26,Ganesh Kumar,Belagavi,2025-07-02 00:00:00,2026-05-27 00:00:00,Investigation into cheating & fraud in Belagavi. Modus operandi fake investment. AI has linked this record to related incidents in the region.,Cheating & Fraud
71,202500002,House Theft — Shivamogga,71,charge_sheeted,medium,52,Ravi Shastri,Shivamogga,2025-12-20 00:00:00,2026-06-30 00:00:00,Investigation into house theft in Shivamogga. Modus operandi lock breaking. AI has linked this record to related incidents in the region.,House Theft
72,202600001,House Theft — Udupi,72,closed,low,61,Imran Shetty,Udupi,2026-04-09 00:00:00,2026-07-15 00:00:00,Investigation into house theft in Udupi. Modus operandi lock breaking. AI has linked this record to related incidents in the region.,House Theft
73,202600003,Murder — Mysuru,73,charge_sheeted,critical,9,Suresh Murthy,Mysuru,2026-04-18 00:00:00,2026-06-02 00:00:00,Investigation into murder in Mysuru. Modus operandi personal enmity. AI has linked this record to related incidents in the region.,Murder
74,202600002,Attempt to Murder — Dakshina Kannada,74,closed,high,15,Divya Reddy,Dakshina Kannada,2026-06-05 00:00:00,2026-06-14 00:00:00,Investigation into attempt to murder in Dakshina Kannada. Modus operandi personal enmity. AI has linked this record to related incidents in the region.,Attempt to Murder
75,202600002,House Theft — Bengaluru Urban,75,charge_sheeted,medium,2,Nagaraj Murthy,Bengaluru Urban,2026-04-09 00:00:00,2026-05-19 00:00:00,Investigation into house theft in Bengaluru Urban. Modus operandi lock breaking. AI has linked this record to related incidents in the region.,House Theft
76,202600005,Cheating & Fraud — Tumakuru,76,under_investigation,low,56,Suresh Murthy,Tumakuru,2026-01-11 00:00:00,2026-05-16 00:00:00,Investigation into cheating & fraud in Tumakuru. Modus operandi impersonation. AI has linked this record to related incidents in the region.,Cheating & Fraud
77,202500001,Rioting — Dakshina Kannada,77,closed,medium,14,Santosh Patil,Dakshina Kannada,2025-12-28 00:00:00,2026-05-19 00:00:00,Investigation into rioting in Dakshina Kannada. Modus operandi communal. AI has linked this record to related incidents in the region.,Rioting
78,202600001,Cybercrime — Bengaluru Urban,78,charge_sheeted,low,4,Chetan Kumar,Bengaluru Urban,2026-02-22 00:00:00,2026-06-28 00:00:00,Investigation into cybercrime in Bengaluru Urban. Modus operandi fake upi link. AI has linked this record to related incidents in the region.,Cybercrime
79,202500004,Burglary — Belagavi,79,charge_sheeted,medium,26,Ganesh Kumar,Belagavi,2025-07-02 00:00:00,2026-05-22 00:00:00,Investigation into burglary in Belagavi. Modus operandi cctv blindspot. AI has linked this record to related incidents in the region.,Burglary
80,202500001,Vehicle Theft — Bengaluru Urban,80,closed,medium,1,Darshan Shastri,Bengaluru Urban,2025-07-22 00:00:00,2026-05-17 00:00:00,Investigation into vehicle theft in Bengaluru Urban. Modus operandi duplicate key. AI has linked this record to related incidents in the region.,Vehicle Theft
81,202500001,Cheating & Fraud — Ballari,81,under_investigation,medium,38,Nisha Murthy,Ballari,2025-07-27 00:00:00,2026-07-09 00:00:00,Investigation into cheating & fraud in Ballari. Modus operandi impersonation. AI has linked this record to related incidents in the region.,Cheating & Fraud
82,202500001,Cybercrime — Tumakuru,82,under_investigation,medium,58,Ramesh Murthy,Tumakuru,2025-06-30 00:00:00,2026-06-17 00:00:00,Investigation into cybercrime in Tumakuru. Modus operandi impersonation. AI has linked this record to related incidents in the region.,Cybercrime
83,202500004,Drug Trafficking — Udupi,83,registered,high,61,Imran Shetty,Udupi,2025-12-25 00:00:00,2026-06-08 00:00:00,Investigation into drug trafficking in Udupi. Modus operandi drug courier. AI has linked this record to related incidents in the region.,Drug Trafficking
84,202500001,House Theft — Mandya,84,under_investigation,medium,72,Harish Hegde,Mandya,2025-10-23 00:00:00,2026-05-23 00:00:00,Investigation into house theft in Mandya. Modus operandi lock breaking. AI has linked this record to related incidents in the region.,House Theft
85,202500005,Robbery — Udupi,85,under_investigation,high,63,Darshan Kulkarni,Udupi,2025-12-31 00:00:00,2026-06-10 00:00:00,Investigation into robbery in Udupi. Modus operandi two wheeler getaway. AI has linked this record to related incidents in the region.,Robbery
86,202600001,Robbery — Bengaluru Urban,86,under_investigation,high,4,Chetan Kumar,Bengaluru Urban,2026-01-26 00:00:00,2026-05-29 00:00:00,Investigation into robbery in Bengaluru Urban. Modus operandi two wheeler getaway. AI has linked this record to related incidents in the region.,Robbery
87,202500003,Vehicle Theft — Vijayapura,87,charge_sheeted,medium,46,Mahesh Desai,Vijayapura,2025-10-10 00:00:00,2026-06-13 00:00:00,Investigation into vehicle theft in Vijayapura. Modus operandi vehicle lifting. AI has linked this record to related incidents in the region.,Vehicle Theft
88,202500002,House Theft — Belagavi,88,under_investigation,low,30,Lokesh Naik,Belagavi,2025-07-23 00:00:00,2026-05-24 00:00:00,Investigation into house theft in Belagavi. Modus operandi insider info. AI has linked this record to related incidents in the region.,House Theft
89,202600003,Robbery — Dakshina Kannada,89,under_investigation,high,15,Divya Reddy,Dakshina Kannada,2026-05-01 00:00:00,2026-05-20 00:00:00,Investigation into robbery in Dakshina Kannada. Modus operandi two wheeler getaway. AI has linked this record to related incidents in the region.,Robbery
90,202600001,Cybercrime — Ballari,90,charge_sheeted,medium,41,Kiran Desai,Ballari,2026-04-15 00:00:00,2026-07-13 00:00:00,Investigation into cybercrime in Ballari. Modus operandi otp fraud. AI has linked this record to related incidents in the region.,Cybercrime
91,202500002,Cybercrime — Hubballi-Dharwad,91,under_investigation,low,19,Naveen Hebbar,Hubballi-Dharwad,2025-12-23 00:00:00,2026-07-14 00:00:00,Investigation into cybercrime in Hubballi-Dharwad. Modus operandi otp fraud. AI has linked this record to related incidents in the region.,Cybercrime
92,202500001,Chain Snatching — Tumakuru,92,under_investigation,medium,57,Chetan Achar,Tumakuru,2025-04-13 00:00:00,2026-06-07 00:00:00,Investigation into chain snatching in Tumakuru. Modus operandi crowded market. AI has linked this record to related incidents in the region.,Chain Snatching
93,202500002,Robbery — Dakshina Kannada,93,under_investigation,high,14,Santosh Patil,Dakshina Kannada,2025-03-10 00:00:00,2026-05-20 00:00:00,Investigation into robbery in Dakshina Kannada. Modus operandi armed robbery. AI has linked this record to related incidents in the region.,Robbery
94,202600004,Vehicle Theft — Mysuru,94,under_investigation,medium,8,Abdul Patil,Mysuru,2026-07-05 00:00:00,2026-06-11 00:00:00,Investigation into vehicle theft in Mysuru. Modus operandi duplicate key. AI has linked this record to related incidents in the region.,Vehicle Theft
95,202500002,Vehicle Theft — Bengaluru Urban,95,registered,low,2,Nagaraj Murthy,Bengaluru Urban,2025-03-07 00:00:00,2026-07-14 00:00:00,Investigation into vehicle theft in Bengaluru Urban. Modus operandi vehicle lifting. AI has linked this record to related incidents in the region.,Vehicle Theft
96,202600002,Cybercrime — Hubballi-Dharwad,96,under_investigation,medium,22,Darshan Shetty,Hubballi-Dharwad,2026-07-11 00:00:00,2026-06-05 00:00:00,Investigation into cybercrime in Hubballi-Dharwad. Modus operandi otp fraud. AI has linked this record to related incidents in the region.,Cybercrime
97,202600005,Robbery — Hubballi-Dharwad,97,under_investigation,high,21,Praveen Reddy,Hubballi-Dharwad,2026-01-22 00:00:00,2026-06-20 00:00:00,Investigation into robbery in Hubballi-Dharwad. Modus operandi two wheeler getaway. AI has linked this record to related incidents in the region.,Robbery
98,202500003,Murder — Bengaluru Urban,98,under_investigation,critical,3,Kumar Gowda,Bengaluru Urban,2025-11-09 00:00:00,2026-05-29 00:00:00,Investigation into murder in Bengaluru Urban. Modus operandi premeditated. AI has linked this record to related incidents in the region.,Murder
99,202500001,Cheating & Fraud — Dakshina Kannada,99,charge_sheeted,medium,18,Manjunath Shetty,Dakshina Kannada,2025-11-16 00:00:00,2026-05-26 00:00:00,Investigation into cheating & fraud in Dakshina Kannada. Modus operandi impersonation. AI has linked this record to related incidents in the region.,Cheating & Fraud
100,202600001,Chain Snatching — Tumakuru,100,charge_sheeted,medium,59,Abdul Shastri,Tumakuru,2026-01-28 00:00:00,2026-05-23 00:00:00,Investigation into chain snatching in Tumakuru. Modus operandi crowded market. AI has linked this record to related incidents in the region.,Chain Snatching
101,202500004,Burglary — Bengaluru Urban,101,under_investigation,low,2,Nagaraj Murthy,Bengaluru Urban,2025-12-22 00:00:00,2026-07-06 00:00:00,Investigation into burglary in Bengaluru Urban. Modus operandi lock breaking. AI has linked this record to related incidents in the region.,Burglary
102,202600003,House Theft — Kalaburagi,102,charge_sheeted,medium,33,Pooja Patil,Kalaburagi,2026-06-10 00:00:00,2026-07-15 00:00:00,Investigation into house theft in Kalaburagi. Modus operandi lock breaking. AI has linked this record to related incidents in the region.,House Theft
103,202600001,Chain Snatching — Vijayapura,103,under_investigation,low,48,Suresh Kumar,Vijayapura,2026-04-10 00:00:00,2026-06-23 00:00:00,Investigation into chain snatching in Vijayapura. Modus operandi crowded market. AI has linked this record to related incidents in the region.,Chain Snatching
104,202600004,Cybercrime — Dakshina Kannada,104,closed,medium,13,Rekha Rao,Dakshina Kannada,2026-02-16 00:00:00,2026-05-20 00:00:00,Investigation into cybercrime in Dakshina Kannada. Modus operandi fake upi link. AI has linked this record to related incidents in the region.,Cybercrime
105,202500001,House Theft — Dakshina Kannada,105,closed,medium,16,Imran Murthy,Dakshina Kannada,2025-04-21 00:00:00,2026-07-01 00:00:00,Investigation into house theft in Dakshina Kannada. Modus operandi lock breaking. AI has linked this record to related incidents in the region.,House Theft
106,202600005,Murder — Mysuru,106,under_investigation,critical,8,Abdul Patil,Mysuru,2026-03-05 00:00:00,2026-05-24 00:00:00,Investigation into murder in Mysuru. Modus operandi premeditated. AI has linked this record to related incidents in the region.,Murder
107,202600004,Attempt to Murder — Vijayapura,107,charge_sheeted,high,43,Kiran Bhat,Vijayapura,2026-01-19 00:00:00,2026-06-21 00:00:00,Investigation into attempt to murder in Vijayapura. Modus operandi personal enmity. AI has linked this record to related incidents in the region.,Attempt to Murder
108,202600003,Burglary — Hubballi-Dharwad,108,under_investigation,medium,24,Yashwanth Rao,Hubballi-Dharwad,2026-01-01 00:00:00,2026-06-03 00:00:00,Investigation into burglary in Hubballi-Dharwad. Modus operandi cctv blindspot. AI has linked this record to related incidents in the region.,Burglary
109,202500003,Burglary — Belagavi,109,charge_sheeted,medium,30,Lokesh Naik,Belagavi,2025-06-28 00:00:00,2026-07-02 00:00:00,Investigation into burglary in Belagavi. Modus operandi night break in. AI has linked this record to related incidents in the region.,Burglary
110,202500003,Assault — Hubballi-Dharwad,110,charge_sheeted,medium,21,Praveen Reddy,Hubballi-Dharwad,2025-05-28 00:00:00,2026-06-18 00:00:00,Investigation into assault in Hubballi-Dharwad. Modus operandi street fight. AI has linked this record to related incidents in the region.,Assault
111,202600002,Murder — Hubballi-Dharwad,111,registered,critical,19,Naveen Hebbar,Hubballi-Dharwad,2026-06-11 00:00:00,2026-06-12 00:00:00,Investigation into murder in Hubballi-Dharwad. Modus operandi personal enmity. AI has linked this record to related incidents in the region.,Murder
112,202600002,Vehicle Theft — Tumakuru,112,under_investigation,medium,58,Ramesh Murthy,Tumakuru,2026-06-24 00:00:00,2026-05-18 00:00:00,Investigation into vehicle theft in Tumakuru. Modus operandi vehicle lifting. AI has linked this record to related incidents in the region.,Vehicle Theft
113,202500002,Robbery — Kalaburagi,113,under_investigation,high,36,Prakash Bhat,Kalaburagi,2025-06-29 00:00:00,2026-05-29 00:00:00,Investigation into robbery in Kalaburagi. Modus operandi two wheeler getaway. AI has linked this record to related incidents in the region.,Robbery
114,202500003,House Theft — Udupi,114,under_investigation,low,65,Darshan Naik,Udupi,2025-08-27 00:00:00,2026-06-26 00:00:00,Investigation into house theft in Udupi. Modus operandi lock breaking. AI has linked this record to related incidents in the region.,House Theft
115,202600003,Cheating & Fraud — Bengaluru Urban,115,closed,medium,1,Darshan Shastri,Bengaluru Urban,2026-06-18 00:00:00,2026-07-15 00:00:00,Investigation into cheating & fraud in Bengaluru Urban. Modus operandi impersonation. AI has linked this record to related incidents in the region.,Cheating & Fraud
116,202600003,Chain Snatching — Belagavi,116,closed,medium,26,Ganesh Kumar,Belagavi,2026-03-31 00:00:00,2026-07-02 00:00:00,Investigation into chain snatching in Belagavi. Modus operandi crowded market. AI has linked this record to related incidents in the region.,Chain Snatching
117,202600002,Counterfeiting — Dakshina Kannada,117,charge_sheeted,high,16,Imran Murthy,Dakshina Kannada,2026-04-03 00:00:00,2026-06-03 00:00:00,Investigation into counterfeiting in Dakshina Kannada. Modus operandi syndicate. AI has linked this record to related incidents in the region.,Counterfeiting
118,202600003,Robbery — Mandya,118,charge_sheeted,high,68,Mahesh Bhat,Mandya,2026-04-04 00:00:00,2026-06-25 00:00:00,Investigation into robbery in Mandya. Modus operandi two wheeler getaway. AI has linked this record to related incidents in the region.,Robbery
119,202500004,Robbery — Udupi,119,under_investigation,high,64,Chetan Shastri,Udupi,2025-11-09 00:00:00,2026-07-09 00:00:00,Investigation into robbery in Udupi. Modus operandi two wheeler getaway. AI has linked this record to related incidents in the region.,Robbery
120,202600002,Counterfeiting — Ballari,120,under_investigation,high,39,Ramesh Kumar,Ballari,2026-03-18 00:00:00,2026-05-24 00:00:00,Investigation into counterfeiting in Ballari. Modus operandi syndicate. AI has linked this record to related incidents in the region.,Counterfeiting
121,202600005,Chain Snatching — Dakshina Kannada,121,charge_sheeted,low,13,Rekha Rao,Dakshina Kannada,2026-02-09 00:00:00,2026-05-19 00:00:00,Investigation into chain snatching in Dakshina Kannada. Modus operandi crowded market. AI has linked this record to related incidents in the region.,Chain Snatching
122,202500002,Cybercrime — Mandya,122,under_investigation,medium,72,Harish Hegde,Mandya,2025-12-08 00:00:00,2026-06-08 00:00:00,Investigation into cybercrime in Mandya. Modus operandi impersonation. AI has linked this record to related incidents in the region.,Cybercrime
123,202600005,Vehicle Theft — Shivamogga,123,under_investigation,medium,51,Anil Naik,Shivamogga,2026-04-12 00:00:00,2026-07-02 00:00:00,Investigation into vehicle theft in Shivamogga. Modus operandi vehicle lifting. AI has linked this record to related incidents in the region.,Vehicle Theft
124,202600006,Vehicle Theft — Shivamogga,124,charge_sheeted,medium,49,Abdul Bhat,Shivamogga,2026-03-18 00:00:00,2026-07-13 00:00:00,Investigation into vehicle theft in Shivamogga. Modus operandi duplicate key. AI has linked this record to related incidents in the region.,Vehicle Theft
125,202500001,House Theft — Mandya,125,charge_sheeted,low,68,Mahesh Bhat,Mandya,2025-04-16 00:00:00,2026-06-18 00:00:00,Investigation into house theft in Mandya. Modus operandi insider info. AI has linked this record to related incidents in the region.,House Theft
126,202600005,Chain Snatching — Vijayapura,126,under_investigation,medium,45,Imran Kulkarni,Vijayapura,2026-05-30 00:00:00,2026-05-16 00:00:00,Investigation into chain snatching in Vijayapura. Modus operandi two wheeler getaway. AI has linked this record to related incidents in the region.,Chain Snatching
127,202500004,Chain Snatching — Vijayapura,127,under_investigation,low,44,Kavya Shetty,Vijayapura,2025-07-02 00:00:00,2026-06-13 00:00:00,Investigation into chain snatching in Vijayapura. Modus operandi crowded market. AI has linked this record to related incidents in the region.,Chain Snatching
128,202500003,Chain Snatching — Kalaburagi,128,registered,medium,33,Pooja Patil,Kalaburagi,2025-09-11 00:00:00,2026-06-19 00:00:00,Investigation into chain snatching in Kalaburagi. Modus operandi two wheeler getaway. AI has linked this record to related incidents in the region.,Chain Snatching
129,202500002,Vehicle Theft — Dakshina Kannada,129,registered,medium,16,Imran Murthy,Dakshina Kannada,2025-01-28 00:00:00,2026-05-16 00:00:00,Investigation into vehicle theft in Dakshina Kannada. Modus operandi duplicate key. AI has linked this record to related incidents in the region.,Vehicle Theft
130,202500006,Cheating & Fraud — Udupi,130,under_investigation,medium,63,Darshan Kulkarni,Udupi,2025-12-09 00:00:00,2026-07-02 00:00:00,Investigation into cheating & fraud in Udupi. Modus operandi impersonation. AI has linked this record to related incidents in the region.,Cheating & Fraud
131,202600003,Rioting — Ballari,131,under_investigation,medium,37,Vidya Rai,Ballari,2026-01-11 00:00:00,2026-06-24 00:00:00,Investigation into rioting in Ballari. Modus operandi mob. AI has linked this record to related incidents in the region.,Rioting
132,202600004,Burglary — Kalaburagi,132,charge_sheeted,medium,34,Anil Kulkarni,Kalaburagi,2026-06-25 00:00:00,2026-07-14 00:00:00,Investigation into burglary in Kalaburagi. Modus operandi night break in. AI has linked this record to related incidents in the region.,Burglary
133,202500004,House Theft — Kalaburagi,133,charge_sheeted,medium,32,Prakash Hebbar,Kalaburagi,2025-07-10 00:00:00,2026-06-20 00:00:00,Investigation into house theft in Kalaburagi. Modus operandi lock breaking. AI has linked this record to related incidents in the region.,House Theft
134,202600006,Vehicle Theft — Dakshina Kannada,134,under_investigation,medium,14,Santosh Patil,Dakshina Kannada,2026-02-14 00:00:00,2026-05-25 00:00:00,Investigation into vehicle theft in Dakshina Kannada. Modus operandi vehicle lifting. AI has linked this record to related incidents in the region.,Vehicle Theft
135,202600001,Robbery — Vijayapura,135,charge_sheeted,high,48,Suresh Kumar,Vijayapura,2026-03-22 00:00:00,2026-07-01 00:00:00,Investigation into robbery in Vijayapura. Modus operandi two wheeler getaway. AI has linked this record to related incidents in the region.,Robbery
136,202500001,Murder — Hubballi-Dharwad,136,under_investigation,critical,19,Naveen Hebbar,Hubballi-Dharwad,2025-08-23 00:00:00,2026-06-10 00:00:00,Investigation into murder in Hubballi-Dharwad. Modus operandi personal enmity. AI has linked this record to related incidents in the region.,Murder
137,202500002,Assault — Ballari,137,under_investigation,medium,39,Ramesh Kumar,Ballari,2025-10-11 00:00:00,2026-05-29 00:00:00,Investigation into assault in Ballari. Modus operandi street fight. AI has linked this record to related incidents in the region.,Assault
138,202600007,Murder — Dakshina Kannada,138,charge_sheeted,critical,15,Divya Reddy,Dakshina Kannada,2026-05-29 00:00:00,2026-05-29 00:00:00,Investigation into murder in Dakshina Kannada. Modus operandi personal enmity. AI has linked this record to related incidents in the region.,Murder
139,202500002,House Theft — Shivamogga,139,registered,low,50,Divya Gowda,Shivamogga,2025-12-06 00:00:00,2026-06-28 00:00:00,Investigation into house theft in Shivamogga. Modus operandi lock breaking. AI has linked this record to related incidents in the region.,House Theft
140,202600002,Chain Snatching — Vijayapura,140,charge_sheeted,low,47,Mahesh Shetty,Vijayapura,2026-02-27 00:00:00,2026-06-16 00:00:00,Investigation into chain snatching in Vijayapura. Modus operandi two wheeler getaway. AI has linked this record to related incidents in the region.,Chain Snatching
141,202600006,Drug Trafficking — Mysuru,141,registered,high,8,Abdul Patil,Mysuru,2026-02-02 00:00:00,2026-05-27 00:00:00,Investigation into drug trafficking in Mysuru. Modus operandi drug courier. AI has linked this record to related incidents in the region.,Drug Trafficking
142,202600004,Rioting — Hubballi-Dharwad,142,registered,medium,23,Naveen Kulkarni,Hubballi-Dharwad,2026-05-08 00:00:00,2026-06-28 00:00:00,Investigation into rioting in Hubballi-Dharwad. Modus operandi mob. AI has linked this record to related incidents in the region.,Rioting
143,202600004,Cybercrime — Mandya,143,under_investigation,medium,68,Mahesh Bhat,Mandya,2026-04-20 00:00:00,2026-06-03 00:00:00,Investigation into cybercrime in Mandya. Modus operandi fake upi link. AI has linked this record to related incidents in the region.,Cybercrime
144,202600002,Vehicle Theft — Udupi,144,under_investigation,medium,61,Imran Shetty,Udupi,2026-03-16 00:00:00,2026-06-28 00:00:00,Investigation into vehicle theft in Udupi. Modus operandi vehicle lifting. AI has linked this record to related incidents in the region.,Vehicle Theft
145,202600004,Murder — Belagavi,145,under_investigation,critical,26,Ganesh Kumar,Belagavi,2026-01-23 00:00:00,2026-06-08 00:00:00,Investigation into murder in Belagavi. Modus operandi premeditated. AI has linked this record to related incidents in the region.,Murder
146,202500001,Dacoity — Hubballi-Dharwad,146,closed,critical,24,Yashwanth Rao,Hubballi-Dharwad,2025-11-01 00:00:00,2026-07-03 00:00:00,Investigation into dacoity in Hubballi-Dharwad. Modus operandi armed robbery. AI has linked this record to related incidents in the region.,Dacoity
147,202600004,Vehicle Theft — Kalaburagi,147,under_investigation,low,32,Prakash Hebbar,Kalaburagi,2026-05-17 00:00:00,2026-06-05 00:00:00,Investigation into vehicle theft in Kalaburagi. Modus operandi vehicle lifting. AI has linked this record to related incidents in the region.,Vehicle Theft
148,202600002,Kidnapping — Bengaluru Urban,148,under_investigation,high,6,Ravi Hegde,Bengaluru Urban,2026-05-24 00:00:00,2026-07-14 00:00:00,Investigation into kidnapping in Bengaluru Urban. Modus operandi ransom. AI has linked this record to related incidents in the region.,Kidnapping
149,202600003,Robbery — Tumakuru,149,charge_sheeted,high,58,Ramesh Murthy,Tumakuru,2026-01-26 00:00:00,2026-06-07 00:00:00,Investigation into robbery in Tumakuru. Modus operandi two wheeler getaway. AI has linked this record to related incidents in the region.,Robbery
150,202500001,Vehicle Theft — Belagavi,150,under_investigation,low,29,Anil Rao,Belagavi,2025-04-10 00:00:00,2026-07-15 00:00:00,Investigation into vehicle theft in Belagavi. Modus operandi vehicle lifting. AI has linked this record to related incidents in the region.,Vehicle Theft
151,202600001,Vehicle Theft — Mandya,151,charge_sheeted,medium,71,Basavaraj Kulkarni,Mandya,2026-02-03 00:00:00,2026-06-16 00:00:00,Investigation into vehicle theft in Mandya. Modus operandi duplicate key. AI has linked this record to related incidents in the region.,Vehicle Theft
152,202500003,Chain Snatching — Ballari,152,registered,medium,39,Ramesh Kumar,Ballari,2025-09-30 00:00:00,2026-05-21 00:00:00,Investigation into chain snatching in Ballari. Modus operandi crowded market. AI has linked this record to related incidents in the region.,Chain Snatching
153,202600005,Rioting — Belagavi,153,under_investigation,medium,25,Girish Reddy,Belagavi,2026-03-17 00:00:00,2026-06-10 00:00:00,Investigation into rioting in Belagavi. Modus operandi mob. AI has linked this record to related incidents in the region.,Rioting
154,202500003,Kidnapping — Shivamogga,154,charge_sheeted,high,49,Abdul Bhat,Shivamogga,2025-01-23 00:00:00,2026-05-24 00:00:00,Investigation into kidnapping in Shivamogga. Modus operandi ransom. AI has linked this record to related incidents in the region.,Kidnapping
155,202600005,Attempt to Murder — Kalaburagi,155,under_investigation,high,35,Deepak Kumar,Kalaburagi,2026-01-29 00:00:00,2026-05-16 00:00:00,Investigation into attempt to murder in Kalaburagi. Modus operandi gang rivalry. AI has linked this record to related incidents in the region.,Attempt to Murder
156,202600007,Robbery — Shivamogga,156,charge_sheeted,high,49,Abdul Bhat,Shivamogga,2026-05-22 00:00:00,2026-06-01 00:00:00,Investigation into robbery in Shivamogga. Modus operandi armed robbery. AI has linked this record to related incidents in the region.,Robbery
157,202600006,Burglary — Kalaburagi,157,under_investigation,medium,36,Prakash Bhat,Kalaburagi,2026-06-27 00:00:00,2026-06-07 00:00:00,Investigation into burglary in Kalaburagi. Modus operandi night break in. AI has linked this record to related incidents in the region.,Burglary
158,202600001,Rioting — Shivamogga,158,under_investigation,medium,49,Abdul Bhat,Shivamogga,2026-01-21 00:00:00,2026-06-19 00:00:00,Investigation into rioting in Shivamogga. Modus operandi mob. AI has linked this record to related incidents in the region.,Rioting
159,202600005,Cheating & Fraud — Hubballi-Dharwad,159,charge_sheeted,medium,24,Yashwanth Rao,Hubballi-Dharwad,2026-05-02 00:00:00,2026-06-22 00:00:00,Investigation into cheating & fraud in Hubballi-Dharwad. Modus operandi impersonation. AI has linked this record to related incidents in the region.,Cheating & Fraud
160,202500005,House Theft — Mysuru,160,under_investigation,low,7,Umesh Naik,Mysuru,2025-11-06 00:00:00,2026-07-10 00:00:00,Investigation into house theft in Mysuru. Modus operandi lock breaking. AI has linked this record to related incidents in the region.,House Theft
161,202500002,Counterfeiting — Tumakuru,161,under_investigation,high,57,Chetan Achar,Tumakuru,2025-04-29 00:00:00,2026-06-17 00:00:00,Investigation into counterfeiting in Tumakuru. Modus operandi fake currency. AI has linked this record to related incidents in the region.,Counterfeiting
162,202600006,Cybercrime — Hubballi-Dharwad,162,registered,medium,22,Darshan Shetty,Hubballi-Dharwad,2026-04-13 00:00:00,2026-07-09 00:00:00,Investigation into cybercrime in Hubballi-Dharwad. Modus operandi otp fraud. AI has linked this record to related incidents in the region.,Cybercrime
163,202500004,Chain Snatching — Vijayapura,163,under_investigation,medium,48,Suresh Kumar,Vijayapura,2025-07-26 00:00:00,2026-06-21 00:00:00,Investigation into chain snatching in Vijayapura. Modus operandi two wheeler getaway. AI has linked this record to related incidents in the region.,Chain Snatching
164,202500001,Extortion — Mysuru,164,under_investigation,high,10,Nagaraj Nayak,Mysuru,2025-05-31 00:00:00,2026-06-10 00:00:00,Investigation into extortion in Mysuru. Modus operandi gang operation. AI has linked this record to related incidents in the region.,Extortion
165,202500004,Drug Trafficking — Ballari,165,registered,high,39,Ramesh Kumar,Ballari,2025-11-14 00:00:00,2026-06-12 00:00:00,Investigation into drug trafficking in Ballari. Modus operandi drug courier. AI has linked this record to related incidents in the region.,Drug Trafficking
166,202600004,Chain Snatching — Bengaluru Urban,166,under_investigation,low,2,Nagaraj Murthy,Bengaluru Urban,2026-05-06 00:00:00,2026-07-11 00:00:00,Investigation into chain snatching in Bengaluru Urban. Modus operandi two wheeler getaway. AI has linked this record to related incidents in the region.,Chain Snatching
167,202600004,Rioting — Ballari,167,registered,medium,39,Ramesh Kumar,Ballari,2026-04-15 00:00:00,2026-07-03 00:00:00,Investigation into rioting in Ballari. Modus operandi mob. AI has linked this record to related incidents in the region.,Rioting
168,202500002,Burglary — Mysuru,168,under_investigation,low,12,Prakash Kumar,Mysuru,2025-11-18 00:00:00,2026-07-05 00:00:00,Investigation into burglary in Mysuru. Modus operandi lock breaking. AI has linked this record to related incidents in the region.,Burglary
169,202500001,Vehicle Theft — Mysuru,169,under_investigation,low,10,Nagaraj Nayak,Mysuru,2025-08-22 00:00:00,2026-06-24 00:00:00,Investigation into vehicle theft in Mysuru. Modus operandi vehicle lifting. AI has linked this record to related incidents in the region.,Vehicle Theft
170,202600002,Kidnapping — Udupi,170,under_investigation,high,64,Chetan Shastri,Udupi,2026-01-26 00:00:00,2026-07-15 00:00:00,Investigation into kidnapping in Udupi. Modus operandi ransom. AI has linked this record to related incidents in the region.,Kidnapping
171,202600002,Attempt to Murder — Mandya,171,under_investigation,high,71,Basavaraj Kulkarni,Mandya,2026-07-02 00:00:00,2026-06-29 00:00:00,Investigation into attempt to murder in Mandya. Modus operandi gang rivalry. AI has linked this record to related incidents in the region.,Attempt to Murder
172,202500005,Dacoity — Udupi,172,charge_sheeted,critical,64,Chetan Shastri,Udupi,2025-12-01 00:00:00,2026-05-28 00:00:00,Investigation into dacoity in Udupi. Modus operandi gang operation. AI has linked this record to related incidents in the region.,Dacoity
173,202600003,Chain Snatching — Udupi,173,registered,low,63,Darshan Kulkarni,Udupi,2026-06-27 00:00:00,2026-05-22 00:00:00,Investigation into chain snatching in Udupi. Modus operandi two wheeler getaway. AI has linked this record to related incidents in the region.,Chain Snatching
174,202600006,Vehicle Theft — Vijayapura,174,under_investigation,medium,44,Kavya Shetty,Vijayapura,2026-03-06 00:00:00,2026-07-01 00:00:00,Investigation into vehicle theft in Vijayapura. Modus operandi vehicle lifting. AI has linked this record to related incidents in the region.,Vehicle Theft
175,202600008,Rioting — Dakshina Kannada,175,under_investigation,medium,14,Santosh Patil,Dakshina Kannada,2026-04-01 00:00:00,2026-06-09 00:00:00,Investigation into rioting in Dakshina Kannada. Modus operandi mob. AI has linked this record to related incidents in the region.,Rioting
176,202600003,Vehicle Theft — Bengaluru Urban,176,under_investigation,medium,4,Chetan Kumar,Bengaluru Urban,2026-05-29 00:00:00,2026-07-08 00:00:00,Investigation into vehicle theft in Bengaluru Urban. Modus operandi duplicate key. AI has linked this record to related incidents in the region.,Vehicle Theft
177,202600003,Robbery — Dakshina Kannada,177,closed,high,17,Praveen Murthy,Dakshina Kannada,2026-03-17 00:00:00,2026-06-03 00:00:00,Investigation into robbery in Dakshina Kannada. Modus operandi two wheeler getaway. AI has linked this record to related incidents in the region.,Robbery
178,202600007,Chain Snatching — Kalaburagi,178,charge_sheeted,medium,36,Prakash Bhat,Kalaburagi,2026-06-29 00:00:00,2026-07-15 00:00:00,Investigation into chain snatching in Kalaburagi. Modus operandi crowded market. AI has linked this record to related incidents in the region.,Chain Snatching
179,202500003,Cybercrime — Dakshina Kannada,179,charge_sheeted,low,13,Rekha Rao,Dakshina Kannada,2025-07-07 00:00:00,2026-05-17 00:00:00,Investigation into cybercrime in Dakshina Kannada. Modus operandi fake upi link. AI has linked this record to related incidents in the region.,Cybercrime
180,202600004,House Theft — Belagavi,180,registered,medium,30,Lokesh Naik,Belagavi,2026-02-27 00:00:00,2026-06-25 00:00:00,Investigation into house theft in Belagavi. Modus operandi lock breaking. AI has linked this record to related incidents in the region.,House Theft
181,202500002,Cybercrime — Tumakuru,181,charge_sheeted,medium,59,Abdul Shastri,Tumakuru,2025-02-15 00:00:00,2026-06-02 00:00:00,Investigation into cybercrime in Tumakuru. Modus operandi impersonation. AI has linked this record to related incidents in the region.,Cybercrime
182,202600008,Chain Snatching — Kalaburagi,182,closed,low,35,Deepak Kumar,Kalaburagi,2026-04-12 00:00:00,2026-07-01 00:00:00,Investigation into chain snatching in Kalaburagi. Modus operandi two wheeler getaway. AI has linked this record to related incidents in the region.,Chain Snatching
183,202600009,Cheating & Fraud — Kalaburagi,183,under_investigation,low,36,Prakash Bhat,Kalaburagi,2026-03-22 00:00:00,2026-05-17 00:00:00,Investigation into cheating & fraud in Kalaburagi. Modus operandi fake investment. AI has linked this record to related incidents in the region.,Cheating & Fraud
184,202600006,Attempt to Murder — Tumakuru,184,closed,high,56,Suresh Murthy,Tumakuru,2026-06-15 00:00:00,2026-06-05 00:00:00,Investigation into attempt to murder in Tumakuru. Modus operandi gang rivalry. AI has linked this record to related incidents in the region.,Attempt to Murder
185,202500004,Vehicle Theft — Hubballi-Dharwad,185,under_investigation,low,19,Naveen Hebbar,Hubballi-Dharwad,2025-11-23 00:00:00,2026-06-22 00:00:00,Investigation into vehicle theft in Hubballi-Dharwad. Modus operandi vehicle lifting. AI has linked this record to related incidents in the region.,Vehicle Theft
186,202600002,House Theft — Mysuru,186,under_investigation,medium,10,Nagaraj Nayak,Mysuru,2026-03-24 00:00:00,2026-05-28 00:00:00,Investigation into house theft in Mysuru. Modus operandi insider info. AI has linked this record to related incidents in the region.,House Theft
187,202500005,Extortion — Kalaburagi,187,under_investigation,high,33,Pooja Patil,Kalaburagi,2025-06-06 00:00:00,2026-06-22 00:00:00,Investigation into extortion in Kalaburagi. Modus operandi threat call. AI has linked this record to related incidents in the region.,Extortion
188,202500005,Rioting — Hubballi-Dharwad,188,under_investigation,medium,19,Naveen Hebbar,Hubballi-Dharwad,2025-05-03 00:00:00,2026-06-13 00:00:00,Investigation into rioting in Hubballi-Dharwad. Modus operandi communal. AI has linked this record to related incidents in the region.,Rioting
189,202600007,Cybercrime — Vijayapura,189,charge_sheeted,medium,44,Kavya Shetty,Vijayapura,2026-04-20 00:00:00,2026-05-21 00:00:00,Investigation into cybercrime in Vijayapura. Modus operandi impersonation. AI has linked this record to related incidents in the region.,Cybercrime
190,202600009,Cheating & Fraud — Dakshina Kannada,190,under_investigation,medium,13,Rekha Rao,Dakshina Kannada,2026-05-23 00:00:00,2026-06-26 00:00:00,Investigation into cheating & fraud in Dakshina Kannada. Modus operandi fake investment. AI has linked this record to related incidents in the region.,Cheating & Fraud
191,202600001,Chain Snatching — Mandya,191,closed,medium,70,Shivaraj Nayak,Mandya,2026-06-08 00:00:00,2026-06-04 00:00:00,Investigation into chain snatching in Mandya. Modus operandi crowded market. AI has linked this record to related incidents in the region.,Chain Snatching
192,202600003,Counterfeiting — Mandya,192,closed,high,70,Shivaraj Nayak,Mandya,2026-04-21 00:00:00,2026-07-01 00:00:00,Investigation into counterfeiting in Mandya. Modus operandi fake currency. AI has linked this record to related incidents in the region.,Counterfeiting
193,202600004,Cheating & Fraud — Dakshina Kannada,193,charge_sheeted,medium,16,Imran Murthy,Dakshina Kannada,2026-04-20 00:00:00,2026-07-12 00:00:00,Investigation into cheating & fraud in Dakshina Kannada. Modus operandi fake investment. AI has linked this record to related incidents in the region.,Cheating & Fraud
194,202600007,Kidnapping — Hubballi-Dharwad,194,under_investigation,high,23,Naveen Kulkarni,Hubballi-Dharwad,2026-05-08 00:00:00,2026-06-04 00:00:00,Investigation into kidnapping in Hubballi-Dharwad. Modus operandi personal enmity. AI has linked this record to related incidents in the region.,Kidnapping
195,202500003,Kidnapping — Kalaburagi,195,under_investigation,high,34,Anil Kulkarni,Kalaburagi,2025-07-21 00:00:00,2026-06-20 00:00:00,Investigation into kidnapping in Kalaburagi. Modus operandi personal enmity. AI has linked this record to related incidents in the region.,Kidnapping
196,202600001,Extortion — Udupi,196,under_investigation,high,65,Darshan Naik,Udupi,2026-02-22 00:00:00,2026-05-31 00:00:00,Investigation into extortion in Udupi. Modus operandi gang operation. AI has linked this record to related incidents in the region.,Extortion
197,202500005,Cheating & Fraud — Vijayapura,197,charge_sheeted,low,48,Suresh Kumar,Vijayapura,2025-06-04 00:00:00,2026-06-19 00:00:00,Investigation into cheating & fraud in Vijayapura. Modus operandi fake investment. AI has linked this record to related incidents in the region.,Cheating & Fraud
198,202600003,Cybercrime — Vijayapura,198,under_investigation,medium,48,Suresh Kumar,Vijayapura,2026-07-09 00:00:00,2026-05-27 00:00:00,Investigation into cybercrime in Vijayapura. Modus operandi impersonation. AI has linked this record to related incidents in the region.,Cybercrime
199,202500003,Murder — Tumakuru,199,charge_sheeted,critical,60,Manjunath Naik,Tumakuru,2025-04-02 00:00:00,2026-06-25 00:00:00,Investigation into murder in Tumakuru. Modus operandi premeditated. AI has linked this record to related incidents in the region.,Murder
200,202500001,Chain Snatching — Shivamogga,200,under_investigation,medium,52,Ravi Shastri,Shivamogga,2025-04-05 00:00:00,2026-05-23 00:00:00,Investigation into chain snatching in Shivamogga. Modus operandi crowded market. AI has linked this record to related incidents in the region.,Chain Snatching
201,202600004,Vehicle Theft — Udupi,201,charge_sheeted,medium,63,Darshan Kulkarni,Udupi,2026-07-15 00:00:00,2026-06-18 00:00:00,Investigation into vehicle theft in Udupi. Modus operandi vehicle lifting. AI has linked this record to related incidents in the region.,Vehicle Theft
202,202500004,Drug Trafficking — Tumakuru,202,charge_sheeted,high,60,Manjunath Naik,Tumakuru,2025-11-18 00:00:00,2026-06-13 00:00:00,Investigation into drug trafficking in Tumakuru. Modus operandi drug courier. AI has linked this record to related incidents in the region.,Drug Trafficking
203,202600002,Counterfeiting — Ballari,203,under_investigation,high,41,Kiran Desai,Ballari,2026-04-12 00:00:00,2026-07-11 00:00:00,Investigation into counterfeiting in Ballari. Modus operandi syndicate. AI has linked this record to related incidents in the region.,Counterfeiting
204,202600008,Chain Snatching — Shivamogga,204,under_investigation,medium,51,Anil Naik,Shivamogga,2026-03-22 00:00:00,2026-07-10 00:00:00,Investigation into chain snatching in Shivamogga. Modus operandi crowded market. AI has linked this record to related incidents in the region.,Chain Snatching
205,202600006,Robbery — Belagavi,205,under_investigation,high,25,Girish Reddy,Belagavi,2026-05-02 00:00:00,2026-06-13 00:00:00,Investigation into robbery in Belagavi. Modus operandi armed robbery. AI has linked this record to related incidents in the region.,Robbery
206,202500006,Cybercrime — Mysuru,206,under_investigation,low,9,Suresh Murthy,Mysuru,2025-09-23 00:00:00,2026-06-02 00:00:00,Investigation into cybercrime in Mysuru. Modus operandi fake upi link. AI has linked this record to related incidents in the region.,Cybercrime
207,202600006,Extortion — Hubballi-Dharwad,207,closed,high,20,Ganesh Kumar,Hubballi-Dharwad,2026-06-05 00:00:00,2026-06-22 00:00:00,Investigation into extortion in Hubballi-Dharwad. Modus operandi gang operation. AI has linked this record to related incidents in the region.,Extortion
208,202500001,Cheating & Fraud — Bengaluru Urban,208,closed,medium,1,Darshan Shastri,Bengaluru Urban,2025-09-01 00:00:00,2026-07-14 00:00:00,Investigation into cheating & fraud in Bengaluru Urban. Modus operandi fake investment. AI has linked this record to related incidents in the region.,Cheating & Fraud
209,202600004,House Theft — Bengaluru Urban,209,charge_sheeted,medium,5,Deepak Hebbar,Bengaluru Urban,2026-06-10 00:00:00,2026-06-17 00:00:00,Investigation into house theft in Bengaluru Urban. Modus operandi lock breaking. AI has linked this record to related incidents in the region.,House Theft
210,202600010,Extortion — Dakshina Kannada,210,closed,high,15,Divya Reddy,Dakshina Kannada,2026-05-03 00:00:00,2026-07-01 00:00:00,Investigation into extortion in Dakshina Kannada. Modus operandi gang operation. AI has linked this record to related incidents in the region.,Extortion
211,202500006,Cheating & Fraud — Vijayapura,211,under_investigation,medium,46,Mahesh Desai,Vijayapura,2025-05-29 00:00:00,2026-06-20 00:00:00,Investigation into cheating & fraud in Vijayapura. Modus operandi fake investment. AI has linked this record to related incidents in the region.,Cheating & Fraud
212,202600005,Murder — Belagavi,212,under_investigation,critical,29,Anil Rao,Belagavi,2026-07-13 00:00:00,2026-07-05 00:00:00,Investigation into murder in Belagavi. Modus operandi personal enmity. AI has linked this record to related incidents in the region.,Murder
213,202500001,House Theft — Mysuru,213,closed,medium,8,Abdul Patil,Mysuru,2025-04-08 00:00:00,2026-05-29 00:00:00,Investigation into house theft in Mysuru. Modus operandi insider info. AI has linked this record to related incidents in the region.,House Theft
214,202500005,Assault — Ballari,214,under_investigation,medium,37,Vidya Rai,Ballari,2025-05-16 00:00:00,2026-06-12 00:00:00,Investigation into assault in Ballari. Modus operandi street fight. AI has linked this record to related incidents in the region.,Assault
215,202500001,Vehicle Theft — Bengaluru Urban,215,under_investigation,low,4,Chetan Kumar,Bengaluru Urban,2025-07-27 00:00:00,2026-05-20 00:00:00,Investigation into vehicle theft in Bengaluru Urban. Modus operandi duplicate key. AI has linked this record to related incidents in the region.,Vehicle Theft
216,202500007,Murder — Udupi,216,under_investigation,critical,63,Darshan Kulkarni,Udupi,2025-02-09 00:00:00,2026-06-02 00:00:00,Investigation into murder in Udupi. Modus operandi personal enmity. AI has linked this record to related incidents in the region.,Murder
217,202600003,Vehicle Theft — Ballari,217,under_investigation,low,42,Riyaz Bhat,Ballari,2026-06-30 00:00:00,2026-06-11 00:00:00,Investigation into vehicle theft in Ballari. Modus operandi vehicle lifting. AI has linked this record to related incidents in the region.,Vehicle Theft
218,202500002,Vehicle Theft — Mandya,218,registered,medium,68,Mahesh Bhat,Mandya,2025-11-15 00:00:00,2026-05-20 00:00:00,Investigation into vehicle theft in Mandya. Modus operandi duplicate key. AI has linked this record to related incidents in the region.,Vehicle Theft
219,202600004,Cheating & Fraud — Ballari,219,charge_sheeted,medium,42,Riyaz Bhat,Ballari,2026-03-19 00:00:00,2026-06-17 00:00:00,Investigation into cheating & fraud in Ballari. Modus operandi impersonation. AI has linked this record to related incidents in the region.,Cheating & Fraud
220,202600004,Cybercrime — Tumakuru,220,under_investigation,medium,58,Ramesh Murthy,Tumakuru,2026-01-24 00:00:00,2026-06-04 00:00:00,Investigation into cybercrime in Tumakuru. Modus operandi fake upi link. AI has linked this record to related incidents in the region.,Cybercrime
221,202600001,Burglary — Shivamogga,221,under_investigation,low,54,Vinay Bhat,Shivamogga,2026-06-30 00:00:00,2026-06-20 00:00:00,Investigation into burglary in Shivamogga. Modus operandi night break in. AI has linked this record to related incidents in the region.,Burglary
222,202500005,Burglary — Bengaluru Urban,222,charge_sheeted,low,2,Nagaraj Murthy,Bengaluru Urban,2025-07-19 00:00:00,2026-06-29 00:00:00,Investigation into burglary in Bengaluru Urban. Modus operandi lock breaking. AI has linked this record to related incidents in the region.,Burglary
223,202500004,Cheating & Fraud — Kalaburagi,223,closed,medium,36,Prakash Bhat,Kalaburagi,2025-09-16 00:00:00,2026-05-24 00:00:00,Investigation into cheating & fraud in Kalaburagi. Modus operandi impersonation. AI has linked this record to related incidents in the region.,Cheating & Fraud
224,202500001,Cybercrime — Belagavi,224,charge_sheeted,low,30,Lokesh Naik,Belagavi,2025-05-18 00:00:00,2026-07-05 00:00:00,Investigation into cybercrime in Belagavi. Modus operandi fake upi link. AI has linked this record to related incidents in the region.,Cybercrime
225,202600004,Extortion — Mandya,225,under_investigation,high,71,Basavaraj Kulkarni,Mandya,2026-06-25 00:00:00,2026-06-06 00:00:00,Investigation into extortion in Mandya. Modus operandi threat call. AI has linked this record to related incidents in the region.,Extortion
226,202600005,Murder — Ballari,226,under_investigation,critical,41,Kiran Desai,Ballari,2026-06-05 00:00:00,2026-06-22 00:00:00,Investigation into murder in Ballari. Modus operandi premeditated. AI has linked this record to related incidents in the region.,Murder
227,202500002,Vehicle Theft — Hubballi-Dharwad,227,under_investigation,low,22,Darshan Shetty,Hubballi-Dharwad,2025-05-03 00:00:00,2026-07-13 00:00:00,Investigation into vehicle theft in Hubballi-Dharwad. Modus operandi duplicate key. AI has linked this record to related incidents in the region.,Vehicle Theft
228,202600002,Rioting — Shivamogga,228,under_investigation,low,54,Vinay Bhat,Shivamogga,2026-05-07 00:00:00,2026-05-30 00:00:00,Investigation into rioting in Shivamogga. Modus operandi communal. AI has linked this record to related incidents in the region.,Rioting
229,202600001,Cheating & Fraud — Shivamogga,229,under_investigation,medium,51,Anil Naik,Shivamogga,2026-04-21 00:00:00,2026-07-07 00:00:00,Investigation into cheating & fraud in Shivamogga. Modus operandi fake investment. AI has linked this record to related incidents in the region.,Cheating & Fraud
230,202500003,Burglary — Mandya,230,under_investigation,medium,71,Basavaraj Kulkarni,Mandya,2025-08-08 00:00:00,2026-05-23 00:00:00,Investigation into burglary in Mandya. Modus operandi night break in. AI has linked this record to related incidents in the region.,Burglary
231,202600003,Chain Snatching — Udupi,231,under_investigation,low,64,Chetan Shastri,Udupi,2026-02-03 00:00:00,2026-07-07 00:00:00,Investigation into chain snatching in Udupi. Modus operandi two wheeler getaway. AI has linked this record to related incidents in the region.,Chain Snatching
232,202600003,Cybercrime — Shivamogga,232,registered,medium,53,Riyaz Bhat,Shivamogga,2026-02-26 00:00:00,2026-07-10 00:00:00,Investigation into cybercrime in Shivamogga. Modus operandi fake upi link. AI has linked this record to related incidents in the region.,Cybercrime
233,202500005,Attempt to Murder — Tumakuru,233,registered,high,60,Manjunath Naik,Tumakuru,2025-03-22 00:00:00,2026-06-30 00:00:00,Investigation into attempt to murder in Tumakuru. Modus operandi personal enmity. AI has linked this record to related incidents in the region.,Attempt to Murder
234,202600008,Chain Snatching — Vijayapura,234,under_investigation,medium,45,Imran Kulkarni,Vijayapura,2026-04-20 00:00:00,2026-05-24 00:00:00,Investigation into chain snatching in Vijayapura. Modus operandi crowded market. AI has linked this record to related incidents in the region.,Chain Snatching
235,202600006,Burglary — Ballari,235,under_investigation,low,41,Kiran Desai,Ballari,2026-02-27 00:00:00,2026-06-19 00:00:00,Investigation into burglary in Ballari. Modus operandi cctv blindspot. AI has linked this record to related incidents in the region.,Burglary
236,202600005,Kidnapping — Kalaburagi,236,charge_sheeted,high,33,Pooja Patil,Kalaburagi,2026-04-02 00:00:00,2026-07-03 00:00:00,Investigation into kidnapping in Kalaburagi. Modus operandi personal enmity. AI has linked this record to related incidents in the region.,Kidnapping
237,202500006,Assault — Udupi,237,under_investigation,medium,65,Darshan Naik,Udupi,2025-06-28 00:00:00,2026-06-12 00:00:00,Investigation into assault in Udupi. Modus operandi personal enmity. AI has linked this record to related incidents in the region.,Assault
238,202500002,Vehicle Theft — Mandya,238,registered,low,67,Ganesh Rai,Mandya,2025-07-13 00:00:00,2026-06-07 00:00:00,Investigation into vehicle theft in Mandya. Modus operandi vehicle lifting. AI has linked this record to related incidents in the region.,Vehicle Theft
239,202600007,Assault — Mysuru,239,under_investigation,low,7,Umesh Naik,Mysuru,2026-04-13 00:00:00,2026-06-27 00:00:00,Investigation into assault in Mysuru. Modus operandi personal enmity. AI has linked this record to related incidents in the region.,Assault
240,202500007,Murder — Mysuru,240,under_investigation,critical,9,Suresh Murthy,Mysuru,2025-07-09 00:00:00,2026-07-13 00:00:00,Investigation into murder in Mysuru. Modus operandi personal enmity. AI has linked this record to related incidents in the region.,Murder
241,202500004,Cybercrime — Mandya,241,under_investigation,medium,72,Harish Hegde,Mandya,2025-12-18 00:00:00,2026-07-07 00:00:00,Investigation into cybercrime in Mandya. Modus operandi impersonation. AI has linked this record to related incidents in the region.,Cybercrime
242,202600004,Vehicle Theft — Vijayapura,242,charge_sheeted,medium,47,Mahesh Shetty,Vijayapura,2026-03-05 00:00:00,2026-06-17 00:00:00,Investigation into vehicle theft in Vijayapura. Modus operandi vehicle lifting. AI has linked this record to related incidents in the region.,Vehicle Theft
243,202600005,Dacoity — Bengaluru Urban,243,under_investigation,critical,5,Deepak Hebbar,Bengaluru Urban,2026-01-30 00:00:00,2026-06-04 00:00:00,Investigation into dacoity in Bengaluru Urban. Modus operandi gang operation. AI has linked this record to related incidents in the region.,Dacoity
244,202600005,Cybercrime — Tumakuru,244,charge_sheeted,low,60,Manjunath Naik,Tumakuru,2026-05-31 00:00:00,2026-06-14 00:00:00,Investigation into cybercrime in Tumakuru. Modus operandi impersonation. AI has linked this record to related incidents in the region.,Cybercrime
245,202500002,Robbery — Bengaluru Urban,245,registered,high,5,Deepak Hebbar,Bengaluru Urban,2025-04-30 00:00:00,2026-05-25 00:00:00,Investigation into robbery in Bengaluru Urban. Modus operandi armed robbery. AI has linked this record to related incidents in the region.,Robbery
246,202600005,Cybercrime — Bengaluru Urban,246,charge_sheeted,medium,2,Nagaraj Murthy,Bengaluru Urban,2026-06-08 00:00:00,2026-07-08 00:00:00,Investigation into cybercrime in Bengaluru Urban. Modus operandi otp fraud. AI has linked this record to related incidents in the region.,Cybercrime
247,202600010,House Theft — Kalaburagi,247,registered,medium,34,Anil Kulkarni,Kalaburagi,2026-04-01 00:00:00,2026-05-19 00:00:00,Investigation into house theft in Kalaburagi. Modus operandi lock breaking. AI has linked this record to related incidents in the region.,House Theft
248,202600007,Assault — Hubballi-Dharwad,248,charge_sheeted,medium,20,Ganesh Kumar,Hubballi-Dharwad,2026-07-15 00:00:00,2026-07-02 00:00:00,Investigation into assault in Hubballi-Dharwad. Modus operandi personal enmity. AI has linked this record to related incidents in the region.,Assault
249,202500005,Cybercrime — Vijayapura,249,under_investigation,medium,44,Kavya Shetty,Vijayapura,2025-03-24 00:00:00,2026-06-14 00:00:00,Investigation into cybercrime in Vijayapura. Modus operandi otp fraud. AI has linked this record to related incidents in the region.,Cybercrime
250,202500006,Chain Snatching — Ballari,250,under_investigation,low,39,Ramesh Kumar,Ballari,2025-10-09 00:00:00,2026-07-04 00:00:00,Investigation into chain snatching in Ballari. Modus operandi two wheeler getaway. AI has linked this record to related incidents in the region.,Chain Snatching
251,202500002,Robbery — Dakshina Kannada,251,charge_sheeted,high,18,Manjunath Shetty,Dakshina Kannada,2025-08-11 00:00:00,2026-07-04 00:00:00,Investigation into robbery in Dakshina Kannada. Modus operandi armed robbery. AI has linked this record to related incidents in the region.,Robbery
252,202500005,Burglary — Mandya,252,under_investigation,medium,72,Harish Hegde,Mandya,2025-03-05 00:00:00,2026-06-27 00:00:00,Investigation into burglary in Mandya. Modus operandi lock breaking. AI has linked this record to related incidents in the region.,Burglary
253,202600001,Burglary — Tumakuru,253,under_investigation,low,56,Suresh Murthy,Tumakuru,2026-07-08 00:00:00,2026-05-23 00:00:00,Investigation into burglary in Tumakuru. Modus operandi cctv blindspot. AI has linked this record to related incidents in the region.,Burglary
254,202600004,Robbery — Udupi,254,charge_sheeted,high,65,Darshan Naik,Udupi,2026-03-26 00:00:00,2026-05-28 00:00:00,Investigation into robbery in Udupi. Modus operandi armed robbery. AI has linked this record to related incidents in the region.,Robbery
255,202500004,House Theft — Belagavi,255,charge_sheeted,medium,29,Anil Rao,Belagavi,2025-08-08 00:00:00,2026-06-08 00:00:00,Investigation into house theft in Belagavi. Modus operandi lock breaking. AI has linked this record to related incidents in the region.,House Theft
256,202500003,Burglary — Mandya,256,under_investigation,medium,68,Mahesh Bhat,Mandya,2025-05-23 00:00:00,2026-06-02 00:00:00,Investigation into burglary in Mandya. Modus operandi night break in. AI has linked this record to related incidents in the region.,Burglary
257,202600009,Cheating & Fraud — Vijayapura,257,charge_sheeted,low,44,Kavya Shetty,Vijayapura,2026-07-12 00:00:00,2026-07-14 00:00:00,Investigation into cheating & fraud in Vijayapura. Modus operandi fake investment. AI has linked this record to related incidents in the region.,Cheating & Fraud
258,202600009,Murder — Shivamogga,258,under_investigation,critical,50,Divya Gowda,Shivamogga,2026-06-07 00:00:00,2026-05-20 00:00:00,Investigation into murder in Shivamogga. Modus operandi premeditated. AI has linked this record to related incidents in the region.,Murder
259,202600005,House Theft — Udupi,259,under_investigation,medium,66,Kavya Murthy,Udupi,2026-02-20 00:00:00,2026-06-14 00:00:00,Investigation into house theft in Udupi. Modus operandi lock breaking. AI has linked this record to related incidents in the region.,House Theft
260,202500008,Burglary — Mysuru,260,under_investigation,low,7,Umesh Naik,Mysuru,2025-10-28 00:00:00,2026-07-06 00:00:00,Investigation into burglary in Mysuru. Modus operandi cctv blindspot. AI has linked this record to related incidents in the region.,Burglary
261,202600005,Assault — Dakshina Kannada,261,under_investigation,low,16,Imran Murthy,Dakshina Kannada,2026-04-11 00:00:00,2026-06-29 00:00:00,Investigation into assault in Dakshina Kannada. Modus operandi street fight. AI has linked this record to related incidents in the region.,Assault
262,202500005,Cybercrime — Belagavi,262,under_investigation,low,29,Anil Rao,Belagavi,2025-08-15 00:00:00,2026-06-30 00:00:00,Investigation into cybercrime in Belagavi. Modus operandi impersonation. AI has linked this record to related incidents in the region.,Cybercrime
263,202600005,Cheating & Fraud — Udupi,263,closed,low,61,Imran Shetty,Udupi,2026-04-11 00:00:00,2026-06-25 00:00:00,Investigation into cheating & fraud in Udupi. Modus operandi impersonation. AI has linked this record to related incidents in the region.,Cheating & Fraud
264,202600008,Chain Snatching — Hubballi-Dharwad,264,charge_sheeted,medium,21,Praveen Reddy,Hubballi-Dharwad,2026-05-02 00:00:00,2026-06-14 00:00:00,Investigation into chain snatching in Hubballi-Dharwad. Modus operandi crowded market. AI has linked this record to related incidents in the region.,Chain Snatching
265,202600008,Cybercrime — Hubballi-Dharwad,265,charge_sheeted,medium,24,Yashwanth Rao,Hubballi-Dharwad,2026-06-13 00:00:00,2026-06-10 00:00:00,Investigation into cybercrime in Hubballi-Dharwad. Modus operandi impersonation. AI has linked this record to related incidents in the region.,Cybercrime
266,202500009,House Theft — Mysuru,266,registered,low,9,Suresh Murthy,Mysuru,2025-03-24 00:00:00,2026-06-10 00:00:00,Investigation into house theft in Mysuru. Modus operandi lock breaking. AI has linked this record to related incidents in the region.,House Theft
267,202600007,Cheating & Fraud — Belagavi,267,under_investigation,medium,25,Girish Reddy,Belagavi,2026-05-06 00:00:00,2026-07-13 00:00:00,Investigation into cheating & fraud in Belagavi. Modus operandi impersonation. AI has linked this record to related incidents in the region.,Cheating & Fraud
268,202600006,Burglary — Udupi,268,charge_sheeted,medium,64,Chetan Shastri,Udupi,2026-06-30 00:00:00,2026-06-29 00:00:00,Investigation into burglary in Udupi. Modus operandi night break in. AI has linked this record to related incidents in the region.,Burglary
269,202600010,Murder — Shivamogga,269,registered,critical,50,Divya Gowda,Shivamogga,2026-03-22 00:00:00,2026-06-23 00:00:00,Investigation into murder in Shivamogga. Modus operandi personal enmity. AI has linked this record to related incidents in the region.,Murder
270,202600004,Assault — Shivamogga,270,under_investigation,low,53,Riyaz Bhat,Shivamogga,2026-04-21 00:00:00,2026-05-16 00:00:00,Investigation into assault in Shivamogga. Modus operandi street fight. AI has linked this record to related incidents in the region.,Assault
271,202600005,Vehicle Theft — Vijayapura,271,under_investigation,low,48,Suresh Kumar,Vijayapura,2026-05-13 00:00:00,2026-05-22 00:00:00,Investigation into vehicle theft in Vijayapura. Modus operandi duplicate key. AI has linked this record to related incidents in the region.,Vehicle Theft
272,202500006,Assault — Mandya,272,charge_sheeted,medium,70,Shivaraj Nayak,Mandya,2025-12-19 00:00:00,2026-05-28 00:00:00,Investigation into assault in Mandya. Modus operandi street fight. AI has linked this record to related incidents in the region.,Assault
273,202600008,Cybercrime — Mysuru,273,registered,medium,7,Umesh Naik,Mysuru,2026-04-17 00:00:00,2026-06-14 00:00:00,Investigation into cybercrime in Mysuru. Modus operandi otp fraud. AI has linked this record to related incidents in the region.,Cybercrime
274,202600010,Robbery — Vijayapura,274,charge_sheeted,high,43,Kiran Bhat,Vijayapura,2026-02-03 00:00:00,2026-06-15 00:00:00,Investigation into robbery in Vijayapura. Modus operandi armed robbery. AI has linked this record to related incidents in the region.,Robbery
275,202500007,Vehicle Theft — Udupi,275,charge_sheeted,low,64,Chetan Shastri,Udupi,2025-09-24 00:00:00,2026-06-24 00:00:00,Investigation into vehicle theft in Udupi. Modus operandi vehicle lifting. AI has linked this record to related incidents in the region.,Vehicle Theft
276,202600007,Attempt to Murder — Udupi,276,charge_sheeted,high,66,Kavya Murthy,Udupi,2026-01-17 00:00:00,2026-07-15 00:00:00,Investigation into attempt to murder in Udupi. Modus operandi gang rivalry. AI has linked this record to related incidents in the region.,Attempt to Murder
277,202500004,Cybercrime — Dakshina Kannada,277,closed,low,13,Rekha Rao,Dakshina Kannada,2025-07-22 00:00:00,2026-06-09 00:00:00,Investigation into cybercrime in Dakshina Kannada. Modus operandi impersonation. AI has linked this record to related incidents in the region.,Cybercrime
278,202600011,Chain Snatching — Shivamogga,278,charge_sheeted,medium,50,Divya Gowda,Shivamogga,2026-02-14 00:00:00,2026-07-07 00:00:00,Investigation into chain snatching in Shivamogga. Modus operandi crowded market. AI has linked this record to related incidents in the region.,Chain Snatching
279,202600003,Burglary — Mysuru,279,under_investigation,medium,11,Riyaz Reddy,Mysuru,2026-05-23 00:00:00,2026-07-08 00:00:00,Investigation into burglary in Mysuru. Modus operandi night break in. AI has linked this record to related incidents in the region.,Burglary
280,202500004,Attempt to Murder — Mandya,280,charge_sheeted,high,68,Mahesh Bhat,Mandya,2025-11-18 00:00:00,2026-06-30 00:00:00,Investigation into attempt to murder in Mandya. Modus operandi gang rivalry. AI has linked this record to related incidents in the region.,Attempt to Murder
281,202600006,Robbery — Tumakuru,281,under_investigation,high,58,Ramesh Murthy,Tumakuru,2026-01-16 00:00:00,2026-06-04 00:00:00,Investigation into robbery in Tumakuru. Modus operandi armed robbery. AI has linked this record to related incidents in the region.,Robbery
282,202600006,House Theft — Vijayapura,282,charge_sheeted,low,47,Mahesh Shetty,Vijayapura,2026-05-07 00:00:00,2026-06-21 00:00:00,Investigation into house theft in Vijayapura. Modus operandi lock breaking. AI has linked this record to related incidents in the region.,House Theft
283,202600011,Rioting — Vijayapura,283,under_investigation,low,43,Kiran Bhat,Vijayapura,2026-06-16 00:00:00,2026-05-19 00:00:00,Investigation into rioting in Vijayapura. Modus operandi communal. AI has linked this record to related incidents in the region.,Rioting
284,202500003,Dacoity — Bengaluru Urban,284,under_investigation,critical,6,Ravi Hegde,Bengaluru Urban,2025-02-21 00:00:00,2026-06-26 00:00:00,Investigation into dacoity in Bengaluru Urban. Modus operandi gang operation. AI has linked this record to related incidents in the region.,Dacoity
285,202500010,Robbery — Mysuru,285,under_investigation,high,8,Abdul Patil,Mysuru,2025-06-03 00:00:00,2026-07-07 00:00:00,Investigation into robbery in Mysuru. Modus operandi armed robbery. AI has linked this record to related incidents in the region.,Robbery
286,202500008,Chain Snatching — Udupi,286,charge_sheeted,medium,66,Kavya Murthy,Udupi,2025-05-17 00:00:00,2026-06-10 00:00:00,Investigation into chain snatching in Udupi. Modus operandi crowded market. AI has linked this record to related incidents in the region.,Chain Snatching
287,202500005,Vehicle Theft — Mandya,287,under_investigation,low,67,Ganesh Rai,Mandya,2025-02-09 00:00:00,2026-06-19 00:00:00,Investigation into vehicle theft in Mandya. Modus operandi duplicate key. AI has linked this record to related incidents in the region.,Vehicle Theft
288,202600012,Cheating & Fraud — Vijayapura,288,under_investigation,medium,43,Kiran Bhat,Vijayapura,2026-05-09 00:00:00,2026-07-02 00:00:00,Investigation into cheating & fraud in Vijayapura. Modus operandi fake investment. AI has linked this record to related incidents in the region.,Cheating & Fraud
289,202500003,Cheating & Fraud — Hubballi-Dharwad,289,under_investigation,low,24,Yashwanth Rao,Hubballi-Dharwad,2025-03-03 00:00:00,2026-06-27 00:00:00,Investigation into cheating & fraud in Hubballi-Dharwad. Modus operandi impersonation. AI has linked this record to related incidents in the region.,Cheating & Fraud
290,202500006,Vehicle Theft — Bengaluru Urban,290,under_investigation,low,1,Darshan Shastri,Bengaluru Urban,2025-12-17 00:00:00,2026-07-03 00:00:00,Investigation into vehicle theft in Bengaluru Urban. Modus operandi duplicate key. AI has linked this record to related incidents in the region.,Vehicle Theft
291,202600008,Burglary — Udupi,291,under_investigation,low,65,Darshan Naik,Udupi,2026-01-24 00:00:00,2026-06-13 00:00:00,Investigation into burglary in Udupi. Modus operandi lock breaking. AI has linked this record to related incidents in the region.,Burglary
292,202600006,Burglary — Bengaluru Urban,292,charge_sheeted,medium,1,Darshan Shastri,Bengaluru Urban,2026-04-25 00:00:00,2026-06-13 00:00:00,Investigation into burglary in Bengaluru Urban. Modus operandi cctv blindspot. AI has linked this record to related incidents in the region.,Burglary
293,202500002,Robbery — Bengaluru Urban,293,under_investigation,high,3,Kumar Gowda,Bengaluru Urban,2025-12-14 00:00:00,2026-05-25 00:00:00,Investigation into robbery in Bengaluru Urban. Modus operandi two wheeler getaway. AI has linked this record to related incidents in the region.,Robbery
294,202600008,Chain Snatching — Belagavi,294,registered,low,27,Ramesh Bhat,Belagavi,2026-03-26 00:00:00,2026-07-01 00:00:00,Investigation into chain snatching in Belagavi. Modus operandi crowded market. AI has linked this record to related incidents in the region.,Chain Snatching
295,202600007,Rioting — Tumakuru,295,under_investigation,medium,55,Naveen Bhat,Tumakuru,2026-07-04 00:00:00,2026-06-25 00:00:00,Investigation into rioting in Tumakuru. Modus operandi mob. AI has linked this record to related incidents in the region.,Rioting
296,202600009,Vehicle Theft — Mysuru,296,registered,medium,9,Suresh Murthy,Mysuru,2026-05-25 00:00:00,2026-07-13 00:00:00,Investigation into vehicle theft in Mysuru. Modus operandi duplicate key. AI has linked this record to related incidents in the region.,Vehicle Theft
297,202500005,Assault — Kalaburagi,297,closed,low,35,Deepak Kumar,Kalaburagi,2025-06-09 00:00:00,2026-06-28 00:00:00,Investigation into assault in Kalaburagi. Modus operandi personal enmity. AI has linked this record to related incidents in the region.,Assault
298,202600005,Drug Trafficking — Mandya,298,under_investigation,high,67,Ganesh Rai,Mandya,2026-05-27 00:00:00,2026-07-10 00:00:00,Investigation into drug trafficking in Mandya. Modus operandi drug courier. AI has linked this record to related incidents in the region.,Drug Trafficking
299,202600006,Kidnapping — Kalaburagi,299,under_investigation,high,33,Pooja Patil,Kalaburagi,2026-04-22 00:00:00,2026-06-05 00:00:00,Investigation into kidnapping in Kalaburagi. Modus operandi ransom. AI has linked this record to related incidents in the region.,Kidnapping
300,202500002,Assault — Ballari,300,charge_sheeted,medium,40,Deepak Naik,Ballari,2025-10-26 00:00:00,2026-06-06 00:00:00,Investigation into assault in Ballari. Modus operandi street fight. AI has linked this record to related incidents in the region.,Assault
301,202500003,Cheating & Fraud — Ballari,301,under_investigation,medium,41,Kiran Desai,Ballari,2025-12-01 00:00:00,2026-05-19 00:00:00,Investigation into cheating & fraud in Ballari. Modus operandi impersonation. AI has linked this record to related incidents in the region.,Cheating & Fraud
302,202600007,Vehicle Theft — Vijayapura,302,registered,medium,47,Mahesh Shetty,Vijayapura,2026-07-14 00:00:00,2026-07-08 00:00:00,Investigation into vehicle theft in Vijayapura. Modus operandi vehicle lifting. AI has linked this record to related incidents in the region.,Vehicle Theft
303,202600009,House Theft — Belagavi,303,under_investigation,medium,27,Ramesh Bhat,Belagavi,2026-02-26 00:00:00,2026-05-16 00:00:00,Investigation into house theft in Belagavi. Modus operandi lock breaking. AI has linked this record to related incidents in the region.,House Theft
304,202600013,Cybercrime — Vijayapura,304,under_investigation,medium,45,Imran Kulkarni,Vijayapura,2026-04-03 00:00:00,2026-06-21 00:00:00,Investigation into cybercrime in Vijayapura. Modus operandi fake upi link. AI has linked this record to related incidents in the region.,Cybercrime
305,202600006,Burglary — Belagavi,305,charge_sheeted,medium,30,Lokesh Naik,Belagavi,2026-05-27 00:00:00,2026-06-15 00:00:00,Investigation into burglary in Belagavi. Modus operandi lock breaking. AI has linked this record to related incidents in the region.,Burglary
306,202500006,Cheating & Fraud — Hubballi-Dharwad,306,under_investigation,medium,20,Ganesh Kumar,Hubballi-Dharwad,2025-07-23 00:00:00,2026-06-15 00:00:00,Investigation into cheating & fraud in Hubballi-Dharwad. Modus operandi fake investment. AI has linked this record to related incidents in the region.,Cheating & Fraud
307,202600010,Vehicle Theft — Belagavi,307,under_investigation,medium,27,Ramesh Bhat,Belagavi,2026-07-13 00:00:00,2026-06-26 00:00:00,Investigation into vehicle theft in Belagavi. Modus operandi duplicate key. AI has linked this record to related incidents in the region.,Vehicle Theft
308,202600006,Cheating & Fraud — Udupi,308,under_investigation,low,61,Imran Shetty,Udupi,2026-05-16 00:00:00,2026-06-14 00:00:00,Investigation into cheating & fraud in Udupi. Modus operandi impersonation. AI has linked this record to related incidents in the region.,Cheating & Fraud
309,202600008,Assault — Tumakuru,309,under_investigation,medium,56,Suresh Murthy,Tumakuru,2026-06-04 00:00:00,2026-07-04 00:00:00,Investigation into assault in Tumakuru. Modus operandi street fight. AI has linked this record to related incidents in the region.,Assault
310,202500009,Rioting — Udupi,310,under_investigation,medium,64,Chetan Shastri,Udupi,2025-12-08 00:00:00,2026-05-27 00:00:00,Investigation into rioting in Udupi. Modus operandi mob. AI has linked this record to related incidents in the region.,Rioting
311,202500007,Robbery — Hubballi-Dharwad,311,closed,high,20,Ganesh Kumar,Hubballi-Dharwad,2025-06-11 00:00:00,2026-06-22 00:00:00,Investigation into robbery in Hubballi-Dharwad. Modus operandi two wheeler getaway. AI has linked this record to related incidents in the region.,Robbery
312,202500004,Vehicle Theft — Hubballi-Dharwad,312,closed,low,24,Yashwanth Rao,Hubballi-Dharwad,2025-03-18 00:00:00,2026-07-08 00:00:00,Investigation into vehicle theft in Hubballi-Dharwad. Modus operandi vehicle lifting. AI has linked this record to related incidents in the region.,Vehicle Theft
313,202500007,Kidnapping — Bengaluru Urban,313,charge_sheeted,high,2,Nagaraj Murthy,Bengaluru Urban,2025-06-19 00:00:00,2026-06-05 00:00:00,Investigation into kidnapping in Bengaluru Urban. Modus operandi personal enmity. AI has linked this record to related incidents in the region.,Kidnapping
314,202500003,Robbery — Tumakuru,314,under_investigation,high,55,Naveen Bhat,Tumakuru,2025-06-22 00:00:00,2026-06-01 00:00:00,Investigation into robbery in Tumakuru. Modus operandi armed robbery. AI has linked this record to related incidents in the region.,Robbery
315,202600007,Counterfeiting — Bengaluru Urban,315,closed,high,2,Nagaraj Murthy,Bengaluru Urban,2026-02-22 00:00:00,2026-05-17 00:00:00,Investigation into counterfeiting in Bengaluru Urban. Modus operandi fake currency. AI has linked this record to related incidents in the region.,Counterfeiting
316,202500010,Rioting — Udupi,316,under_investigation,medium,64,Chetan Shastri,Udupi,2025-09-17 00:00:00,2026-06-16 00:00:00,Investigation into rioting in Udupi. Modus operandi mob. AI has linked this record to related incidents in the region.,Rioting
317,202600001,Dacoity — Mysuru,317,registered,critical,9,Suresh Murthy,Mysuru,2026-02-04 00:00:00,2026-06-21 00:00:00,Investigation into dacoity in Mysuru. Modus operandi gang operation. AI has linked this record to related incidents in the region.,Dacoity
318,202600001,Burglary — Mandya,318,closed,low,68,Mahesh Bhat,Mandya,2026-01-23 00:00:00,2026-05-28 00:00:00,Investigation into burglary in Mandya. Modus operandi night break in. AI has linked this record to related incidents in the region.,Burglary
319,202500001,House Theft — Bengaluru Urban,319,charge_sheeted,medium,1,Darshan Shastri,Bengaluru Urban,2025-09-03 00:00:00,2026-06-12 00:00:00,Investigation into house theft in Bengaluru Urban. Modus operandi insider info. AI has linked this record to related incidents in the region.,House Theft
320,202600008,Chain Snatching — Vijayapura,320,under_investigation,low,47,Mahesh Shetty,Vijayapura,2026-03-07 00:00:00,2026-07-08 00:00:00,Investigation into chain snatching in Vijayapura. Modus operandi crowded market. AI has linked this record to related incidents in the region.,Chain Snatching
321,202600009,Burglary — Hubballi-Dharwad,321,under_investigation,medium,21,Praveen Reddy,Hubballi-Dharwad,2026-02-18 00:00:00,2026-06-13 00:00:00,Investigation into burglary in Hubballi-Dharwad. Modus operandi cctv blindspot. AI has linked this record to related incidents in the region.,Burglary
322,202600011,Attempt to Murder — Dakshina Kannada,322,charge_sheeted,high,15,Divya Reddy,Dakshina Kannada,2026-02-04 00:00:00,2026-06-02 00:00:00,Investigation into attempt to murder in Dakshina Kannada. Modus operandi personal enmity. AI has linked this record to related incidents in the region.,Attempt to Murder
323,202500006,Rioting — Mandya,323,closed,medium,68,Mahesh Bhat,Mandya,2025-09-13 00:00:00,2026-07-14 00:00:00,Investigation into rioting in Mandya. Modus operandi mob. AI has linked this record to related incidents in the region.,Rioting
324,202600009,Robbery — Vijayapura,324,under_investigation,high,46,Mahesh Desai,Vijayapura,2026-03-16 00:00:00,2026-05-22 00:00:00,Investigation into robbery in Vijayapura. Modus operandi two wheeler getaway. AI has linked this record to related incidents in the region.,Robbery
325,202600001,Burglary — Ballari,325,registered,medium,37,Vidya Rai,Ballari,2026-06-10 00:00:00,2026-05-18 00:00:00,Investigation into burglary in Ballari. Modus operandi lock breaking. AI has linked this record to related incidents in the region.,Burglary
326,202500011,Robbery — Udupi,326,registered,high,65,Darshan Naik,Udupi,2025-12-14 00:00:00,2026-06-09 00:00:00,Investigation into robbery in Udupi. Modus operandi armed robbery. AI has linked this record to related incidents in the region.,Robbery
327,202600011,Assault — Kalaburagi,327,charge_sheeted,medium,36,Prakash Bhat,Kalaburagi,2026-06-22 00:00:00,2026-06-30 00:00:00,Investigation into assault in Kalaburagi. Modus operandi personal enmity. AI has linked this record to related incidents in the region.,Assault
328,202600010,Murder — Mysuru,328,charge_sheeted,critical,7,Umesh Naik,Mysuru,2026-05-31 00:00:00,2026-07-05 00:00:00,Investigation into murder in Mysuru. Modus operandi premeditated. AI has linked this record to related incidents in the region.,Murder
329,202600009,Assault — Hubballi-Dharwad,329,registered,low,24,Yashwanth Rao,Hubballi-Dharwad,2026-03-25 00:00:00,2026-06-30 00:00:00,Investigation into assault in Hubballi-Dharwad. Modus operandi personal enmity. AI has linked this record to related incidents in the region.,Assault
330,202500004,Counterfeiting — Ballari,330,registered,high,41,Kiran Desai,Ballari,2025-05-06 00:00:00,2026-07-15 00:00:00,Investigation into counterfeiting in Ballari. Modus operandi syndicate. AI has linked this record to related incidents in the region.,Counterfeiting
331,202600007,Vehicle Theft — Ballari,331,closed,medium,40,Deepak Naik,Ballari,2026-03-30 00:00:00,2026-07-01 00:00:00,Investigation into vehicle theft in Ballari. Modus operandi duplicate key. AI has linked this record to related incidents in the region.,Vehicle Theft
332,202600011,Robbery — Mysuru,332,charge_sheeted,high,8,Abdul Patil,Mysuru,2026-05-27 00:00:00,2026-07-14 00:00:00,Investigation into robbery in Mysuru. Modus operandi two wheeler getaway. AI has linked this record to related incidents in the region.,Robbery
333,202600008,Drug Trafficking — Bengaluru Urban,333,under_investigation,high,2,Nagaraj Murthy,Bengaluru Urban,2026-05-30 00:00:00,2026-07-06 00:00:00,Investigation into drug trafficking in Bengaluru Urban. Modus operandi drug courier. AI has linked this record to related incidents in the region.,Drug Trafficking
334,202600007,Counterfeiting — Tumakuru,334,closed,high,59,Abdul Shastri,Tumakuru,2026-04-06 00:00:00,2026-05-31 00:00:00,Investigation into counterfeiting in Tumakuru. Modus operandi fake currency. AI has linked this record to related incidents in the region.,Counterfeiting
335,202500006,Burglary — Belagavi,335,under_investigation,medium,28,Sunil Gowda,Belagavi,2025-09-25 00:00:00,2026-05-24 00:00:00,Investigation into burglary in Belagavi. Modus operandi night break in. AI has linked this record to related incidents in the region.,Burglary
336,202600008,Kidnapping — Tumakuru,336,registered,high,59,Abdul Shastri,Tumakuru,2026-06-10 00:00:00,2026-06-01 00:00:00,Investigation into kidnapping in Tumakuru. Modus operandi personal enmity. AI has linked this record to related incidents in the region.,Kidnapping
337,202600014,Vehicle Theft — Vijayapura,337,charge_sheeted,medium,45,Imran Kulkarni,Vijayapura,2026-04-04 00:00:00,2026-06-01 00:00:00,Investigation into vehicle theft in Vijayapura. Modus operandi duplicate key. AI has linked this record to related incidents in the region.,Vehicle Theft
338,202500007,Burglary — Mandya,338,closed,medium,68,Mahesh Bhat,Mandya,2025-11-26 00:00:00,2026-05-16 00:00:00,Investigation into burglary in Mandya. Modus operandi lock breaking. AI has linked this record to related incidents in the region.,Burglary
339,202600012,House Theft — Dakshina Kannada,339,registered,medium,14,Santosh Patil,Dakshina Kannada,2026-06-18 00:00:00,2026-05-19 00:00:00,Investigation into house theft in Dakshina Kannada. Modus operandi insider info. AI has linked this record to related incidents in the region.,House Theft
340,202500011,Cheating & Fraud — Mysuru,340,registered,medium,7,Umesh Naik,Mysuru,2025-05-10 00:00:00,2026-06-25 00:00:00,Investigation into cheating & fraud in Mysuru. Modus operandi fake investment. AI has linked this record to related incidents in the region.,Cheating & Fraud
341,202600015,Attempt to Murder — Vijayapura,341,closed,high,44,Kavya Shetty,Vijayapura,2026-04-21 00:00:00,2026-07-11 00:00:00,Investigation into attempt to murder in Vijayapura. Modus operandi gang rivalry. AI has linked this record to related incidents in the region.,Attempt to Murder
342,202500005,House Theft — Dakshina Kannada,342,charge_sheeted,medium,15,Divya Reddy,Dakshina Kannada,2025-10-22 00:00:00,2026-07-05 00:00:00,Investigation into house theft in Dakshina Kannada. Modus operandi lock breaking. AI has linked this record to related incidents in the region.,House Theft
343,202500006,Attempt to Murder — Kalaburagi,343,under_investigation,high,34,Anil Kulkarni,Kalaburagi,2025-07-07 00:00:00,2026-07-09 00:00:00,Investigation into attempt to murder in Kalaburagi. Modus operandi personal enmity. AI has linked this record to related incidents in the region.,Attempt to Murder
344,202600007,Burglary — Kalaburagi,344,charge_sheeted,medium,33,Pooja Patil,Kalaburagi,2026-04-24 00:00:00,2026-06-29 00:00:00,Investigation into burglary in Kalaburagi. Modus operandi night break in. AI has linked this record to related incidents in the region.,Burglary
345,202500006,Vehicle Theft — Tumakuru,345,under_investigation,medium,58,Ramesh Murthy,Tumakuru,2025-08-04 00:00:00,2026-07-10 00:00:00,Investigation into vehicle theft in Tumakuru. Modus operandi duplicate key. AI has linked this record to related incidents in the region.,Vehicle Theft
346,202600008,Assault — Kalaburagi,346,under_investigation,medium,31,Chetan Murthy,Kalaburagi,2026-01-13 00:00:00,2026-05-27 00:00:00,Investigation into assault in Kalaburagi. Modus operandi personal enmity. AI has linked this record to related incidents in the region.,Assault
347,202500002,House Theft — Udupi,347,closed,medium,64,Chetan Shastri,Udupi,2025-03-21 00:00:00,2026-06-16 00:00:00,Investigation into house theft in Udupi. Modus operandi insider info. AI has linked this record to related incidents in the region.,House Theft
348,202600011,Burglary — Belagavi,348,under_investigation,medium,27,Ramesh Bhat,Belagavi,2026-04-13 00:00:00,2026-06-06 00:00:00,Investigation into burglary in Belagavi. Modus operandi lock breaking. AI has linked this record to related incidents in the region.,Burglary
349,202600010,House Theft — Hubballi-Dharwad,349,under_investigation,low,20,Ganesh Kumar,Hubballi-Dharwad,2026-03-02 00:00:00,2026-06-25 00:00:00,Investigation into house theft in Hubballi-Dharwad. Modus operandi insider info. AI has linked this record to related incidents in the region.,House Theft
350,202500001,Drug Trafficking — Mandya,350,under_investigation,high,70,Shivaraj Nayak,Mandya,2025-05-13 00:00:00,2026-05-28 00:00:00,Investigation into drug trafficking in Mandya. Modus operandi hostel supply. AI has linked this record to related incidents in the region.,Drug Trafficking
351,202600010,Chain Snatching — Hubballi-Dharwad,351,charge_sheeted,medium,24,Yashwanth Rao,Hubballi-Dharwad,2026-04-07 00:00:00,2026-05-29 00:00:00,Investigation into chain snatching in Hubballi-Dharwad. Modus operandi two wheeler getaway. AI has linked this record to related incidents in the region.,Chain Snatching
352,202600005,Rioting — Shivamogga,352,charge_sheeted,medium,54,Vinay Bhat,Shivamogga,2026-06-08 00:00:00,2026-07-10 00:00:00,Investigation into rioting in Shivamogga. Modus operandi mob. AI has linked this record to related incidents in the region.,Rioting
353,202500006,Attempt to Murder — Vijayapura,353,closed,high,45,Imran Kulkarni,Vijayapura,2025-04-21 00:00:00,2026-06-24 00:00:00,Investigation into attempt to murder in Vijayapura. Modus operandi personal enmity. AI has linked this record to related incidents in the region.,Attempt to Murder
354,202500008,Counterfeiting — Bengaluru Urban,354,charge_sheeted,high,1,Darshan Shastri,Bengaluru Urban,2025-11-29 00:00:00,2026-05-26 00:00:00,Investigation into counterfeiting in Bengaluru Urban. Modus operandi syndicate. AI has linked this record to related incidents in the region.,Counterfeiting
355,202600009,Vehicle Theft — Tumakuru,355,under_investigation,medium,56,Suresh Murthy,Tumakuru,2026-02-07 00:00:00,2026-07-07 00:00:00,Investigation into vehicle theft in Tumakuru. Modus operandi duplicate key. AI has linked this record to related incidents in the region.,Vehicle Theft
356,202600006,House Theft — Mandya,356,under_investigation,medium,67,Ganesh Rai,Mandya,2026-06-07 00:00:00,2026-06-14 00:00:00,Investigation into house theft in Mandya. Modus operandi lock breaking. AI has linked this record to related incidents in the region.,House Theft
357,202500003,Extortion — Shivamogga,357,under_investigation,high,54,Vinay Bhat,Shivamogga,2025-03-27 00:00:00,2026-06-13 00:00:00,Investigation into extortion in Shivamogga. Modus operandi gang operation. AI has linked this record to related incidents in the region.,Extortion
358,202500012,Burglary — Mysuru,358,charge_sheeted,medium,8,Abdul Patil,Mysuru,2025-09-20 00:00:00,2026-07-10 00:00:00,Investigation into burglary in Mysuru. Modus operandi lock breaking. AI has linked this record to related incidents in the region.,Burglary
359,202600009,Extortion — Udupi,359,under_investigation,high,65,Darshan Naik,Udupi,2026-03-19 00:00:00,2026-05-26 00:00:00,Investigation into extortion in Udupi. Modus operandi gang operation. AI has linked this record to related incidents in the region.,Extortion
360,202600011,Cybercrime — Hubballi-Dharwad,360,registered,low,23,Naveen Kulkarni,Hubballi-Dharwad,2026-03-07 00:00:00,2026-06-03 00:00:00,Investigation into cybercrime in Hubballi-Dharwad. Modus operandi otp fraud. AI has linked this record to related incidents in the region.,Cybercrime
361,202600007,Attempt to Murder — Belagavi,361,under_investigation,high,30,Lokesh Naik,Belagavi,2026-05-15 00:00:00,2026-07-08 00:00:00,Investigation into attempt to murder in Belagavi. Modus operandi personal enmity. AI has linked this record to related incidents in the region.,Attempt to Murder
362,202500007,Robbery — Vijayapura,362,under_investigation,high,44,Kavya Shetty,Vijayapura,2025-02-15 00:00:00,2026-05-20 00:00:00,Investigation into robbery in Vijayapura. Modus operandi two wheeler getaway. AI has linked this record to related incidents in the region.,Robbery
363,202600010,Vehicle Theft — Tumakuru,363,under_investigation,medium,57,Chetan Achar,Tumakuru,2026-06-02 00:00:00,2026-05-23 00:00:00,Investigation into vehicle theft in Tumakuru. Modus operandi vehicle lifting. AI has linked this record to related incidents in the region.,Vehicle Theft
364,202600007,Murder — Mandya,364,charge_sheeted,critical,68,Mahesh Bhat,Mandya,2026-06-04 00:00:00,2026-06-30 00:00:00,Investigation into murder in Mandya. Modus operandi premeditated. AI has linked this record to related incidents in the region.,Murder
365,202500007,Vehicle Theft — Vijayapura,365,under_investigation,low,47,Mahesh Shetty,Vijayapura,2025-07-07 00:00:00,2026-05-20 00:00:00,Investigation into vehicle theft in Vijayapura. Modus operandi vehicle lifting. AI has linked this record to related incidents in the region.,Vehicle Theft
366,202500004,Assault — Bengaluru Urban,366,under_investigation,medium,5,Deepak Hebbar,Bengaluru Urban,2025-02-04 00:00:00,2026-07-12 00:00:00,Investigation into assault in Bengaluru Urban. Modus operandi street fight. AI has linked this record to related incidents in the region.,Assault
367,202500006,Burglary — Dakshina Kannada,367,charge_sheeted,medium,15,Divya Reddy,Dakshina Kannada,2025-06-03 00:00:00,2026-06-30 00:00:00,Investigation into burglary in Dakshina Kannada. Modus operandi night break in. AI has linked this record to related incidents in the region.,Burglary
368,202500007,Cybercrime — Ballari,368,closed,medium,38,Nisha Murthy,Ballari,2025-11-07 00:00:00,2026-06-15 00:00:00,Investigation into cybercrime in Ballari. Modus operandi impersonation. AI has linked this record to related incidents in the region.,Cybercrime
369,202600012,Robbery — Mysuru,369,under_investigation,high,7,Umesh Naik,Mysuru,2026-02-19 00:00:00,2026-05-31 00:00:00,Investigation into robbery in Mysuru. Modus operandi armed robbery. AI has linked this record to related incidents in the region.,Robbery
370,202600007,Burglary — Udupi,370,closed,medium,63,Darshan Kulkarni,Udupi,2026-04-26 00:00:00,2026-07-02 00:00:00,Investigation into burglary in Udupi. Modus operandi night break in. AI has linked this record to related incidents in the region.,Burglary
371,202500003,Cybercrime — Dakshina Kannada,371,charge_sheeted,medium,17,Praveen Murthy,Dakshina Kannada,2025-02-16 00:00:00,2026-06-04 00:00:00,Investigation into cybercrime in Dakshina Kannada. Modus operandi impersonation. AI has linked this record to related incidents in the region.,Cybercrime
372,202500007,Chain Snatching — Belagavi,372,under_investigation,medium,29,Anil Rao,Belagavi,2025-05-25 00:00:00,2026-06-10 00:00:00,Investigation into chain snatching in Belagavi. Modus operandi two wheeler getaway. AI has linked this record to related incidents in the region.,Chain Snatching
373,202600008,House Theft — Udupi,373,charge_sheeted,low,62,Abdul Naik,Udupi,2026-02-27 00:00:00,2026-05-20 00:00:00,Investigation into house theft in Udupi. Modus operandi lock breaking. AI has linked this record to related incidents in the region.,House Theft
374,202600008,Burglary — Mandya,374,registered,low,69,Lakshmi Poojary,Mandya,2026-07-02 00:00:00,2026-05-22 00:00:00,Investigation into burglary in Mandya. Modus operandi lock breaking. AI has linked this record to related incidents in the region.,Burglary
375,202600009,Counterfeiting — Udupi,375,registered,high,61,Imran Shetty,Udupi,2026-04-12 00:00:00,2026-05-29 00:00:00,Investigation into counterfeiting in Udupi. Modus operandi fake currency. AI has linked this record to related incidents in the region.,Counterfeiting
376,202500001,Cybercrime — Tumakuru,376,charge_sheeted,medium,57,Chetan Achar,Tumakuru,2025-10-17 00:00:00,2026-06-12 00:00:00,Investigation into cybercrime in Tumakuru. Modus operandi otp fraud. AI has linked this record to related incidents in the region.,Cybercrime
377,202600012,Robbery — Hubballi-Dharwad,377,under_investigation,high,23,Naveen Kulkarni,Hubballi-Dharwad,2026-02-19 00:00:00,2026-07-07 00:00:00,Investigation into robbery in Hubballi-Dharwad. Modus operandi armed robbery. AI has linked this record to related incidents in the region.,Robbery
378,202500007,Dacoity — Mandya,378,under_investigation,critical,72,Harish Hegde,Mandya,2025-06-22 00:00:00,2026-06-21 00:00:00,Investigation into dacoity in Mandya. Modus operandi armed robbery. AI has linked this record to related incidents in the region.,Dacoity
379,202600009,Vehicle Theft — Mandya,379,registered,medium,68,Mahesh Bhat,Mandya,2026-03-02 00:00:00,2026-07-07 00:00:00,Investigation into vehicle theft in Mandya. Modus operandi duplicate key. AI has linked this record to related incidents in the region.,Vehicle Theft
380,202500003,Extortion — Bengaluru Urban,380,registered,high,1,Darshan Shastri,Bengaluru Urban,2025-07-11 00:00:00,2026-07-10 00:00:00,Investigation into extortion in Bengaluru Urban. Modus operandi gang operation. AI has linked this record to related incidents in the region.,Extortion
381,202600013,Burglary — Dakshina Kannada,381,under_investigation,medium,14,Santosh Patil,Dakshina Kannada,2026-02-28 00:00:00,2026-05-23 00:00:00,Investigation into burglary in Dakshina Kannada. Modus operandi night break in. AI has linked this record to related incidents in the region.,Burglary
382,202600009,Cheating & Fraud — Tumakuru,382,under_investigation,low,58,Ramesh Murthy,Tumakuru,2026-05-28 00:00:00,2026-07-10 00:00:00,Investigation into cheating & fraud in Tumakuru. Modus operandi impersonation. AI has linked this record to related incidents in the region.,Cheating & Fraud
383,202600016,Chain Snatching — Vijayapura,383,closed,medium,45,Imran Kulkarni,Vijayapura,2026-05-16 00:00:00,2026-05-24 00:00:00,Investigation into chain snatching in Vijayapura. Modus operandi two wheeler getaway. AI has linked this record to related incidents in the region.,Chain Snatching
384,202600013,Vehicle Theft — Mysuru,384,under_investigation,medium,8,Abdul Patil,Mysuru,2026-03-28 00:00:00,2026-05-20 00:00:00,Investigation into vehicle theft in Mysuru. Modus operandi vehicle lifting. AI has linked this record to related incidents in the region.,Vehicle Theft
385,202500008,Burglary — Ballari,385,registered,medium,39,Ramesh Kumar,Ballari,2025-05-10 00:00:00,2026-06-17 00:00:00,Investigation into burglary in Ballari. Modus operandi night break in. AI has linked this record to related incidents in the region.,Burglary
386,202600001,Drug Trafficking — Dakshina Kannada,386,under_investigation,high,17,Praveen Murthy,Dakshina Kannada,2026-01-19 00:00:00,2026-07-13 00:00:00,Investigation into drug trafficking in Dakshina Kannada. Modus operandi drug courier. AI has linked this record to related incidents in the region.,Drug Trafficking
387,202600008,Vehicle Theft — Ballari,387,under_investigation,medium,41,Kiran Desai,Ballari,2026-04-14 00:00:00,2026-06-06 00:00:00,Investigation into vehicle theft in Ballari. Modus operandi vehicle lifting. AI has linked this record to related incidents in the region.,Vehicle Theft
388,202600009,Kidnapping — Bengaluru Urban,388,charge_sheeted,high,3,Kumar Gowda,Bengaluru Urban,2026-05-27 00:00:00,2026-05-18 00:00:00,Investigation into kidnapping in Bengaluru Urban. Modus operandi personal enmity. AI has linked this record to related incidents in the region.,Kidnapping
389,202600017,Robbery — Vijayapura,389,under_investigation,high,43,Kiran Bhat,Vijayapura,2026-06-15 00:00:00,2026-07-15 00:00:00,Investigation into robbery in Vijayapura. Modus operandi two wheeler getaway. AI has linked this record to related incidents in the region.,Robbery
390,202600004,Extortion — Mysuru,390,closed,high,10,Nagaraj Nayak,Mysuru,2026-04-17 00:00:00,2026-07-13 00:00:00,Investigation into extortion in Mysuru. Modus operandi threat call. AI has linked this record to related incidents in the region.,Extortion
391,202600005,Burglary — Mandya,391,under_investigation,medium,70,Shivaraj Nayak,Mandya,2026-07-13 00:00:00,2026-05-21 00:00:00,Investigation into burglary in Mandya. Modus operandi lock breaking. AI has linked this record to related incidents in the region.,Burglary
392,202600002,Chain Snatching — Kalaburagi,392,charge_sheeted,medium,31,Chetan Murthy,Kalaburagi,2026-01-16 00:00:00,2026-07-08 00:00:00,Investigation into chain snatching in Kalaburagi. Modus operandi crowded market. AI has linked this record to related incidents in the region.,Chain Snatching
393,202500004,Chain Snatching — Shivamogga,393,under_investigation,low,50,Divya Gowda,Shivamogga,2025-07-10 00:00:00,2026-06-24 00:00:00,Investigation into chain snatching in Shivamogga. Modus operandi crowded market. AI has linked this record to related incidents in the region.,Chain Snatching
394,202500007,Drug Trafficking — Kalaburagi,394,closed,high,35,Deepak Kumar,Kalaburagi,2025-08-19 00:00:00,2026-06-15 00:00:00,Investigation into drug trafficking in Kalaburagi. Modus operandi hostel supply. AI has linked this record to related incidents in the region.,Drug Trafficking
395,202600010,Cybercrime — Tumakuru,395,under_investigation,low,60,Manjunath Naik,Tumakuru,2026-06-04 00:00:00,2026-05-16 00:00:00,Investigation into cybercrime in Tumakuru. Modus operandi impersonation. AI has linked this record to related incidents in the region.,Cybercrime
396,202600005,Burglary — Mysuru,396,closed,low,10,Nagaraj Nayak,Mysuru,2026-07-15 00:00:00,2026-06-16 00:00:00,Investigation into burglary in Mysuru. Modus operandi cctv blindspot. AI has linked this record to related incidents in the region.,Burglary
397,202600001,Robbery — Tumakuru,397,registered,high,59,Abdul Shastri,Tumakuru,2026-06-23 00:00:00,2026-05-21 00:00:00,Investigation into robbery in Tumakuru. Modus operandi armed robbery. AI has linked this record to related incidents in the region.,Robbery
398,202600006,Burglary — Shivamogga,398,registered,medium,53,Riyaz Bhat,Shivamogga,2026-05-21 00:00:00,2026-05-23 00:00:00,Investigation into burglary in Shivamogga. Modus operandi cctv blindspot. AI has linked this record to related incidents in the region.,Burglary
399,202500008,Burglary — Mandya,399,registered,low,70,Shivaraj Nayak,Mandya,2025-03-08 00:00:00,2026-06-17 00:00:00,Investigation into burglary in Mandya. Modus operandi lock breaking. AI has linked this record to related incidents in the region.,Burglary
400,202500007,Vehicle Theft — Tumakuru,400,under_investigation,medium,60,Manjunath Naik,Tumakuru,2025-02-10 00:00:00,2026-06-18 00:00:00,Investigation into vehicle theft in Tumakuru. Modus operandi duplicate key. AI has linked this record to related incidents in the region.,Vehicle Theft
401,202600006,House Theft — Bengaluru Urban,401,closed,medium,4,Chetan Kumar,Bengaluru Urban,2026-07-13 00:00:00,2026-06-07 00:00:00,Investigation into house theft in Bengaluru Urban. Modus operandi lock breaking. AI has linked this record to related incidents in the region.,House Theft
402,202500005,Drug Trafficking — Bengaluru Urban,402,charge_sheeted,high,4,Chetan Kumar,Bengaluru Urban,2025-10-17 00:00:00,2026-07-14 00:00:00,Investigation into drug trafficking in Bengaluru Urban. Modus operandi hostel supply. AI has linked this record to related incidents in the region.,Drug Trafficking
403,202600010,Assault — Udupi,403,closed,medium,63,Darshan Kulkarni,Udupi,2026-05-22 00:00:00,2026-05-31 00:00:00,Investigation into assault in Udupi. Modus operandi street fight. AI has linked this record to related incidents in the region.,Assault
404,202600011,House Theft — Hubballi-Dharwad,404,registered,medium,19,Naveen Hebbar,Hubballi-Dharwad,2026-02-20 00:00:00,2026-06-13 00:00:00,Investigation into house theft in Hubballi-Dharwad. Modus operandi insider info. AI has linked this record to related incidents in the region.,House Theft
405,202600007,Drug Trafficking — Shivamogga,405,under_investigation,high,53,Riyaz Bhat,Shivamogga,2026-06-05 00:00:00,2026-05-22 00:00:00,Investigation into drug trafficking in Shivamogga. Modus operandi hostel supply. AI has linked this record to related incidents in the region.,Drug Trafficking
406,202600011,Drug Trafficking — Tumakuru,406,under_investigation,high,58,Ramesh Murthy,Tumakuru,2026-03-07 00:00:00,2026-06-06 00:00:00,Investigation into drug trafficking in Tumakuru. Modus operandi drug courier. AI has linked this record to related incidents in the region.,Drug Trafficking
407,202600012,Cheating & Fraud — Belagavi,407,under_investigation,medium,25,Girish Reddy,Belagavi,2026-05-29 00:00:00,2026-05-22 00:00:00,Investigation into cheating & fraud in Belagavi. Modus operandi fake investment. AI has linked this record to related incidents in the region.,Cheating & Fraud
408,202600005,Counterfeiting — Ballari,408,under_investigation,high,39,Ramesh Kumar,Ballari,2026-03-24 00:00:00,2026-05-23 00:00:00,Investigation into counterfeiting in Ballari. Modus operandi syndicate. AI has linked this record to related incidents in the region.,Counterfeiting
409,202500009,Drug Trafficking — Bengaluru Urban,409,under_investigation,high,1,Darshan Shastri,Bengaluru Urban,2025-11-06 00:00:00,2026-06-04 00:00:00,Investigation into drug trafficking in Bengaluru Urban. Modus operandi hostel supply. AI has linked this record to related incidents in the region.,Drug Trafficking
410,202500013,Drug Trafficking — Mysuru,410,charge_sheeted,high,7,Umesh Naik,Mysuru,2025-05-04 00:00:00,2026-05-27 00:00:00,Investigation into drug trafficking in Mysuru. Modus operandi drug courier. AI has linked this record to related incidents in the region.,Drug Trafficking
411,202600011,Robbery — Udupi,411,under_investigation,high,63,Darshan Kulkarni,Udupi,2026-01-26 00:00:00,2026-06-10 00:00:00,Investigation into robbery in Udupi. Modus operandi two wheeler getaway. AI has linked this record to related incidents in the region.,Robbery
412,202600014,Burglary — Dakshina Kannada,412,under_investigation,medium,15,Divya Reddy,Dakshina Kannada,2026-03-23 00:00:00,2026-07-12 00:00:00,Investigation into burglary in Dakshina Kannada. Modus operandi cctv blindspot. AI has linked this record to related incidents in the region.,Burglary
413,202600010,Burglary — Mandya,413,under_investigation,medium,69,Lakshmi Poojary,Mandya,2026-03-07 00:00:00,2026-06-05 00:00:00,Investigation into burglary in Mandya. Modus operandi night break in. AI has linked this record to related incidents in the region.,Burglary
414,202600011,Dacoity — Tumakuru,414,registered,critical,57,Chetan Achar,Tumakuru,2026-02-15 00:00:00,2026-07-13 00:00:00,Investigation into dacoity in Tumakuru. Modus operandi armed robbery. AI has linked this record to related incidents in the region.,Dacoity
415,202600012,Attempt to Murder — Tumakuru,415,closed,high,58,Ramesh Murthy,Tumakuru,2026-06-09 00:00:00,2026-07-06 00:00:00,Investigation into attempt to murder in Tumakuru. Modus operandi personal enmity. AI has linked this record to related incidents in the region.,Attempt to Murder
416,202600012,Assault — Kalaburagi,416,under_investigation,medium,34,Anil Kulkarni,Kalaburagi,2026-07-08 00:00:00,2026-07-14 00:00:00,Investigation into assault in Kalaburagi. Modus operandi personal enmity. AI has linked this record to related incidents in the region.,Assault
417,202600013,Drug Trafficking — Kalaburagi,417,charge_sheeted,high,36,Prakash Bhat,Kalaburagi,2026-03-13 00:00:00,2026-06-04 00:00:00,Investigation into drug trafficking in Kalaburagi. Modus operandi drug courier. AI has linked this record to related incidents in the region.,Drug Trafficking
418,202500009,Burglary — Ballari,418,charge_sheeted,low,37,Vidya Rai,Ballari,2025-08-06 00:00:00,2026-06-26 00:00:00,Investigation into burglary in Ballari. Modus operandi cctv blindspot. AI has linked this record to related incidents in the region.,Burglary
419,202500005,Vehicle Theft — Ballari,419,under_investigation,low,41,Kiran Desai,Ballari,2025-08-21 00:00:00,2026-07-01 00:00:00,Investigation into vehicle theft in Ballari. Modus operandi duplicate key. AI has linked this record to related incidents in the region.,Vehicle Theft
420,202600010,Burglary — Vijayapura,420,closed,medium,46,Mahesh Desai,Vijayapura,2026-01-02 00:00:00,2026-05-23 00:00:00,Investigation into burglary in Vijayapura. Modus operandi lock breaking. AI has linked this record to related incidents in the region.,Burglary
421,202500005,Rioting — Shivamogga,421,charge_sheeted,low,49,Abdul Bhat,Shivamogga,2025-03-21 00:00:00,2026-06-04 00:00:00,Investigation into rioting in Shivamogga. Modus operandi mob. AI has linked this record to related incidents in the region.,Rioting
422,202500009,Cybercrime — Mandya,422,under_investigation,medium,70,Shivaraj Nayak,Mandya,2025-06-02 00:00:00,2026-07-09 00:00:00,Investigation into cybercrime in Mandya. Modus operandi fake upi link. AI has linked this record to related incidents in the region.,Cybercrime
423,202600011,Robbery — Mandya,423,charge_sheeted,high,68,Mahesh Bhat,Mandya,2026-05-26 00:00:00,2026-07-04 00:00:00,Investigation into robbery in Mandya. Modus operandi two wheeler getaway. AI has linked this record to related incidents in the region.,Robbery
424,202500006,Cybercrime — Ballari,424,under_investigation,medium,40,Deepak Naik,Ballari,2025-06-22 00:00:00,2026-06-29 00:00:00,Investigation into cybercrime in Ballari. Modus operandi impersonation. AI has linked this record to related incidents in the region.,Cybercrime
425,202500008,House Theft — Mandya,425,registered,medium,67,Ganesh Rai,Mandya,2025-06-07 00:00:00,2026-06-23 00:00:00,Investigation into house theft in Mandya. Modus operandi lock breaking. AI has linked this record to related incidents in the region.,House Theft
426,202500005,Rioting — Belagavi,426,charge_sheeted,low,25,Girish Reddy,Belagavi,2025-08-20 00:00:00,2026-06-27 00:00:00,Investigation into rioting in Belagavi. Modus operandi mob. AI has linked this record to related incidents in the region.,Rioting
427,202600008,House Theft — Belagavi,427,under_investigation,low,29,Anil Rao,Belagavi,2026-01-28 00:00:00,2026-07-15 00:00:00,Investigation into house theft in Belagavi. Modus operandi lock breaking. AI has linked this record to related incidents in the region.,House Theft
428,202600015,Vehicle Theft — Dakshina Kannada,428,under_investigation,medium,13,Rekha Rao,Dakshina Kannada,2026-01-23 00:00:00,2026-06-02 00:00:00,Investigation into vehicle theft in Dakshina Kannada. Modus operandi vehicle lifting. AI has linked this record to related incidents in the region.,Vehicle Theft
429,202500010,Burglary — Mandya,429,charge_sheeted,medium,70,Shivaraj Nayak,Mandya,2025-09-07 00:00:00,2026-06-01 00:00:00,Investigation into burglary in Mandya. Modus operandi night break in. AI has linked this record to related incidents in the region.,Burglary
430,202600012,Rioting — Hubballi-Dharwad,430,charge_sheeted,medium,20,Ganesh Kumar,Hubballi-Dharwad,2026-04-03 00:00:00,2026-06-25 00:00:00,Investigation into rioting in Hubballi-Dharwad. Modus operandi mob. AI has linked this record to related incidents in the region.,Rioting
431,202600012,Dacoity — Udupi,431,registered,critical,63,Darshan Kulkarni,Udupi,2026-05-07 00:00:00,2026-05-20 00:00:00,Investigation into dacoity in Udupi. Modus operandi armed robbery. AI has linked this record to related incidents in the region.,Dacoity
432,202500004,Burglary — Shivamogga,432,registered,low,54,Vinay Bhat,Shivamogga,2025-08-07 00:00:00,2026-06-12 00:00:00,Investigation into burglary in Shivamogga. Modus operandi night break in. AI has linked this record to related incidents in the region.,Burglary
433,202500014,Cybercrime — Mysuru,433,under_investigation,low,8,Abdul Patil,Mysuru,2025-06-13 00:00:00,2026-06-06 00:00:00,Investigation into cybercrime in Mysuru. Modus operandi impersonation. AI has linked this record to related incidents in the region.,Cybercrime
434,202500008,Cheating & Fraud — Tumakuru,434,registered,low,59,Abdul Shastri,Tumakuru,2025-09-15 00:00:00,2026-05-25 00:00:00,Investigation into cheating & fraud in Tumakuru. Modus operandi impersonation. AI has linked this record to related incidents in the region.,Cheating & Fraud
435,202600014,Counterfeiting — Kalaburagi,435,under_investigation,high,34,Anil Kulkarni,Kalaburagi,2026-03-22 00:00:00,2026-05-29 00:00:00,Investigation into counterfeiting in Kalaburagi. Modus operandi syndicate. AI has linked this record to related incidents in the region.,Counterfeiting
436,202500010,Burglary — Ballari,436,under_investigation,low,39,Ramesh Kumar,Ballari,2025-02-23 00:00:00,2026-06-01 00:00:00,Investigation into burglary in Ballari. Modus operandi cctv blindspot. AI has linked this record to related incidents in the region.,Burglary
437,202500012,Drug Trafficking — Udupi,437,charge_sheeted,high,64,Chetan Shastri,Udupi,2025-09-18 00:00:00,2026-07-11 00:00:00,Investigation into drug trafficking in Udupi. Modus operandi drug courier. AI has linked this record to related incidents in the region.,Drug Trafficking
438,202600006,Cybercrime — Mysuru,438,under_investigation,medium,10,Nagaraj Nayak,Mysuru,2026-05-27 00:00:00,2026-06-06 00:00:00,Investigation into cybercrime in Mysuru. Modus operandi impersonation. AI has linked this record to related incidents in the region.,Cybercrime
439,202500009,Burglary — Tumakuru,439,charge_sheeted,medium,60,Manjunath Naik,Tumakuru,2025-03-12 00:00:00,2026-06-20 00:00:00,Investigation into burglary in Tumakuru. Modus operandi cctv blindspot. AI has linked this record to related incidents in the region.,Burglary
440,202600013,Robbery — Hubballi-Dharwad,440,under_investigation,high,23,Naveen Kulkarni,Hubballi-Dharwad,2026-05-01 00:00:00,2026-06-13 00:00:00,Investigation into robbery in Hubballi-Dharwad. Modus operandi armed robbery. AI has linked this record to related incidents in the region.,Robbery
441,202600014,Vehicle Theft — Mysuru,441,closed,medium,8,Abdul Patil,Mysuru,2026-07-03 00:00:00,2026-07-08 00:00:00,Investigation into vehicle theft in Mysuru. Modus operandi vehicle lifting. AI has linked this record to related incidents in the region.,Vehicle Theft
442,202600010,House Theft — Udupi,442,charge_sheeted,medium,66,Kavya Murthy,Udupi,2026-06-14 00:00:00,2026-07-08 00:00:00,Investigation into house theft in Udupi. Modus operandi lock breaking. AI has linked this record to related incidents in the region.,House Theft
443,202500004,Drug Trafficking — Tumakuru,443,under_investigation,high,57,Chetan Achar,Tumakuru,2025-11-27 00:00:00,2026-06-22 00:00:00,Investigation into drug trafficking in Tumakuru. Modus operandi hostel supply. AI has linked this record to related incidents in the region.,Drug Trafficking
444,202500004,Robbery — Dakshina Kannada,444,registered,high,17,Praveen Murthy,Dakshina Kannada,2025-03-10 00:00:00,2026-07-08 00:00:00,Investigation into robbery in Dakshina Kannada. Modus operandi armed robbery. AI has linked this record to related incidents in the region.,Robbery
445,202600002,Kidnapping — Mysuru,445,charge_sheeted,high,8,Abdul Patil,Mysuru,2026-03-23 00:00:00,2026-06-13 00:00:00,Investigation into kidnapping in Mysuru. Modus operandi personal enmity. AI has linked this record to related incidents in the region.,Kidnapping
446,202500011,Cybercrime — Ballari,446,under_investigation,low,39,Ramesh Kumar,Ballari,2025-09-23 00:00:00,2026-06-13 00:00:00,Investigation into cybercrime in Ballari. Modus operandi impersonation. AI has linked this record to related incidents in the region.,Cybercrime
447,202500006,Assault — Kalaburagi,447,under_investigation,medium,31,Chetan Murthy,Kalaburagi,2025-12-05 00:00:00,2026-06-08 00:00:00,Investigation into assault in Kalaburagi. Modus operandi street fight. AI has linked this record to related incidents in the region.,Assault
448,202500008,Extortion — Belagavi,448,registered,high,28,Sunil Gowda,Belagavi,2025-09-12 00:00:00,2026-06-20 00:00:00,Investigation into extortion in Belagavi. Modus operandi gang operation. AI has linked this record to related incidents in the region.,Extortion
449,202600014,Vehicle Theft — Hubballi-Dharwad,449,under_investigation,medium,23,Naveen Kulkarni,Hubballi-Dharwad,2026-05-05 00:00:00,2026-07-12 00:00:00,Investigation into vehicle theft in Hubballi-Dharwad. Modus operandi duplicate key. AI has linked this record to related incidents in the region.,Vehicle Theft
450,202600010,Cheating & Fraud — Bengaluru Urban,450,charge_sheeted,low,1,Darshan Shastri,Bengaluru Urban,2026-03-19 00:00:00,2026-06-19 00:00:00,Investigation into cheating & fraud in Bengaluru Urban. Modus operandi impersonation. AI has linked this record to related incidents in the region.,Cheating & Fraud
451,202500005,House Theft — Shivamogga,451,charge_sheeted,medium,54,Vinay Bhat,Shivamogga,2025-04-24 00:00:00,2026-07-10 00:00:00,Investigation into house theft in Shivamogga. Modus operandi lock breaking. AI has linked this record to related incidents in the region.,House Theft
452,202600009,House Theft — Kalaburagi,452,registered,medium,32,Prakash Hebbar,Kalaburagi,2026-06-13 00:00:00,2026-06-13 00:00:00,Investigation into house theft in Kalaburagi. Modus operandi insider info. AI has linked this record to related incidents in the region.,House Theft
453,202600011,Chain Snatching — Bengaluru Urban,453,closed,medium,3,Kumar Gowda,Bengaluru Urban,2026-06-30 00:00:00,2026-06-14 00:00:00,Investigation into chain snatching in Bengaluru Urban. Modus operandi two wheeler getaway. AI has linked this record to related incidents in the region.,Chain Snatching
454,202500010,Chain Snatching — Bengaluru Urban,454,under_investigation,medium,1,Darshan Shastri,Bengaluru Urban,2025-03-07 00:00:00,2026-06-20 00:00:00,Investigation into chain snatching in Bengaluru Urban. Modus operandi crowded market. AI has linked this record to related incidents in the region.,Chain Snatching
455,202500003,Vehicle Theft — Mysuru,455,under_investigation,low,12,Prakash Kumar,Mysuru,2025-08-06 00:00:00,2026-06-06 00:00:00,Investigation into vehicle theft in Mysuru. Modus operandi duplicate key. AI has linked this record to related incidents in the region.,Vehicle Theft
456,202500008,Attempt to Murder — Hubballi-Dharwad,456,closed,high,19,Naveen Hebbar,Hubballi-Dharwad,2025-07-04 00:00:00,2026-06-07 00:00:00,Investigation into attempt to murder in Hubballi-Dharwad. Modus operandi personal enmity. AI has linked this record to related incidents in the region.,Attempt to Murder
457,202500008,House Theft — Kalaburagi,457,registered,medium,34,Anil Kulkarni,Kalaburagi,2025-12-30 00:00:00,2026-06-15 00:00:00,Investigation into house theft in Kalaburagi. Modus operandi insider info. AI has linked this record to related incidents in the region.,House Theft
458,202600011,Chain Snatching — Udupi,458,under_investigation,medium,65,Darshan Naik,Udupi,2026-05-15 00:00:00,2026-06-09 00:00:00,Investigation into chain snatching in Udupi. Modus operandi two wheeler getaway. AI has linked this record to related incidents in the region.,Chain Snatching
459,202500015,Cheating & Fraud — Mysuru,459,charge_sheeted,medium,8,Abdul Patil,Mysuru,2025-09-29 00:00:00,2026-05-19 00:00:00,Investigation into cheating & fraud in Mysuru. Modus operandi impersonation. AI has linked this record to related incidents in the region.,Cheating & Fraud
460,202600013,Burglary — Hubballi-Dharwad,460,registered,medium,21,Praveen Reddy,Hubballi-Dharwad,2026-07-05 00:00:00,2026-07-09 00:00:00,Investigation into burglary in Hubballi-Dharwad. Modus operandi lock breaking. AI has linked this record to related incidents in the region.,Burglary
461,202600007,Counterfeiting — Bengaluru Urban,461,under_investigation,high,5,Deepak Hebbar,Bengaluru Urban,2026-05-11 00:00:00,2026-06-18 00:00:00,Investigation into counterfeiting in Bengaluru Urban. Modus operandi syndicate. AI has linked this record to related incidents in the region.,Counterfeiting
462,202600008,Rioting — Bengaluru Urban,462,under_investigation,medium,6,Ravi Hegde,Bengaluru Urban,2026-01-20 00:00:00,2026-05-20 00:00:00,Investigation into rioting in Bengaluru Urban. Modus operandi communal. AI has linked this record to related incidents in the region.,Rioting
463,202600015,Assault — Hubballi-Dharwad,463,under_investigation,medium,22,Darshan Shetty,Hubballi-Dharwad,2026-07-15 00:00:00,2026-06-24 00:00:00,Investigation into assault in Hubballi-Dharwad. Modus operandi street fight. AI has linked this record to related incidents in the region.,Assault
464,202600018,Vehicle Theft — Vijayapura,464,charge_sheeted,medium,45,Imran Kulkarni,Vijayapura,2026-05-10 00:00:00,2026-05-30 00:00:00,Investigation into vehicle theft in Vijayapura. Modus operandi vehicle lifting. AI has linked this record to related incidents in the region.,Vehicle Theft
465,202600012,Robbery — Mandya,465,under_investigation,high,69,Lakshmi Poojary,Mandya,2026-06-16 00:00:00,2026-05-22 00:00:00,Investigation into robbery in Mandya. Modus operandi two wheeler getaway. AI has linked this record to related incidents in the region.,Robbery
466,202600013,Cheating & Fraud — Udupi,466,under_investigation,medium,62,Abdul Naik,Udupi,2026-03-23 00:00:00,2026-07-07 00:00:00,Investigation into cheating & fraud in Udupi. Modus operandi impersonation. AI has linked this record to related incidents in the region.,Cheating & Fraud
467,202600014,Assault — Hubballi-Dharwad,467,under_investigation,medium,19,Naveen Hebbar,Hubballi-Dharwad,2026-01-16 00:00:00,2026-07-14 00:00:00,Investigation into assault in Hubballi-Dharwad. Modus operandi street fight. AI has linked this record to related incidents in the region.,Assault
468,202600014,Cheating & Fraud — Udupi,468,under_investigation,low,63,Darshan Kulkarni,Udupi,2026-05-29 00:00:00,2026-05-24 00:00:00,Investigation into cheating & fraud in Udupi. Modus operandi fake investment. AI has linked this record to related incidents in the region.,Cheating & Fraud
469,202600001,Burglary — Kalaburagi,469,registered,medium,31,Chetan Murthy,Kalaburagi,2026-01-05 00:00:00,2026-07-08 00:00:00,Investigation into burglary in Kalaburagi. Modus operandi lock breaking. AI has linked this record to related incidents in the region.,Burglary
470,202600006,Assault — Ballari,470,charge_sheeted,low,39,Ramesh Kumar,Ballari,2026-03-02 00:00:00,2026-06-04 00:00:00,Investigation into assault in Ballari. Modus operandi street fight. AI has linked this record to related incidents in the region.,Assault
471,202500005,Drug Trafficking — Hubballi-Dharwad,471,registered,high,24,Yashwanth Rao,Hubballi-Dharwad,2025-08-10 00:00:00,2026-05-26 00:00:00,Investigation into drug trafficking in Hubballi-Dharwad. Modus operandi hostel supply. AI has linked this record to related incidents in the region.,Drug Trafficking
472,202600012,Chain Snatching — Shivamogga,472,under_investigation,medium,51,Anil Naik,Shivamogga,2026-05-28 00:00:00,2026-05-29 00:00:00,Investigation into chain snatching in Shivamogga. Modus operandi crowded market. AI has linked this record to related incidents in the region.,Chain Snatching
473,202600012,Extortion — Bengaluru Urban,473,under_investigation,high,3,Kumar Gowda,Bengaluru Urban,2026-06-04 00:00:00,2026-05-26 00:00:00,Investigation into extortion in Bengaluru Urban. Modus operandi gang operation. AI has linked this record to related incidents in the region.,Extortion
474,202600009,Cybercrime — Belagavi,474,closed,low,28,Sunil Gowda,Belagavi,2026-07-06 00:00:00,2026-07-09 00:00:00,Investigation into cybercrime in Belagavi. Modus operandi fake upi link. AI has linked this record to related incidents in the region.,Cybercrime
475,202600009,Assault — Ballari,475,under_investigation,medium,41,Kiran Desai,Ballari,2026-02-02 00:00:00,2026-07-05 00:00:00,Investigation into assault in Ballari. Modus operandi street fight. AI has linked this record to related incidents in the region.,Assault
476,202600007,Burglary — Ballari,476,under_investigation,low,37,Vidya Rai,Ballari,2026-07-15 00:00:00,2026-06-25 00:00:00,Investigation into burglary in Ballari. Modus operandi lock breaking. AI has linked this record to related incidents in the region.,Burglary
477,202600010,Vehicle Theft — Ballari,477,closed,medium,41,Kiran Desai,Ballari,2026-03-29 00:00:00,2026-07-13 00:00:00,Investigation into vehicle theft in Ballari. Modus operandi duplicate key. AI has linked this record to related incidents in the region.,Vehicle Theft
478,202600006,House Theft — Dakshina Kannada,478,under_investigation,medium,17,Praveen Murthy,Dakshina Kannada,2026-02-08 00:00:00,2026-05-31 00:00:00,Investigation into house theft in Dakshina Kannada. Modus operandi insider info. AI has linked this record to related incidents in the region.,House Theft
479,202600013,Kidnapping — Belagavi,479,charge_sheeted,high,25,Girish Reddy,Belagavi,2026-06-02 00:00:00,2026-07-07 00:00:00,Investigation into kidnapping in Belagavi. Modus operandi ransom. AI has linked this record to related incidents in the region.,Kidnapping
480,202600015,Extortion — Kalaburagi,480,under_investigation,high,35,Deepak Kumar,Kalaburagi,2026-06-29 00:00:00,2026-07-10 00:00:00,Investigation into extortion in Kalaburagi. Modus operandi gang operation. AI has linked this record to related incidents in the region.,Extortion
481,202600013,Vehicle Theft — Bengaluru Urban,481,under_investigation,medium,2,Nagaraj Murthy,Bengaluru Urban,2026-06-16 00:00:00,2026-06-22 00:00:00,Investigation into vehicle theft in Bengaluru Urban. Modus operandi duplicate key. AI has linked this record to related incidents in the region.,Vehicle Theft
482,202600001,House Theft — Dakshina Kannada,482,under_investigation,medium,13,Rekha Rao,Dakshina Kannada,2026-04-13 00:00:00,2026-06-19 00:00:00,Investigation into house theft in Dakshina Kannada. Modus operandi lock breaking. AI has linked this record to related incidents in the region.,House Theft
483,202600011,Cheating & Fraud — Ballari,483,closed,medium,42,Riyaz Bhat,Ballari,2026-04-11 00:00:00,2026-07-07 00:00:00,Investigation into cheating & fraud in Ballari. Modus operandi impersonation. AI has linked this record to related incidents in the region.,Cheating & Fraud
484,202600016,Murder — Kalaburagi,484,registered,critical,36,Prakash Bhat,Kalaburagi,2026-05-23 00:00:00,2026-06-11 00:00:00,Investigation into murder in Kalaburagi. Modus operandi premeditated. AI has linked this record to related incidents in the region.,Murder
485,202600006,Burglary — Mandya,485,charge_sheeted,medium,70,Shivaraj Nayak,Mandya,2026-03-19 00:00:00,2026-06-20 00:00:00,Investigation into burglary in Mandya. Modus operandi night break in. AI has linked this record to related incidents in the region.,Burglary
486,202600003,Cybercrime — Kalaburagi,486,under_investigation,medium,32,Prakash Hebbar,Kalaburagi,2026-06-14 00:00:00,2026-06-28 00:00:00,Investigation into cybercrime in Kalaburagi. Modus operandi otp fraud. AI has linked this record to related incidents in the region.,Cybercrime
487,202500009,Dacoity — Belagavi,487,under_investigation,critical,29,Anil Rao,Belagavi,2025-07-19 00:00:00,2026-06-17 00:00:00,Investigation into dacoity in Belagavi. Modus operandi armed robbery. AI has linked this record to related incidents in the region.,Dacoity
488,202500006,Assault — Hubballi-Dharwad,488,under_investigation,medium,23,Naveen Kulkarni,Hubballi-Dharwad,2025-08-20 00:00:00,2026-05-17 00:00:00,Investigation into assault in Hubballi-Dharwad. Modus operandi street fight. AI has linked this record to related incidents in the region.,Assault
489,202500001,Chain Snatching — Kalaburagi,489,under_investigation,medium,32,Prakash Hebbar,Kalaburagi,2025-09-21 00:00:00,2026-05-25 00:00:00,Investigation into chain snatching in Kalaburagi. Modus operandi two wheeler getaway. AI has linked this record to related incidents in the region.,Chain Snatching
490,202500009,Chain Snatching — Mandya,490,under_investigation,low,67,Ganesh Rai,Mandya,2025-03-02 00:00:00,2026-06-09 00:00:00,Investigation into chain snatching in Mandya. Modus operandi crowded market. AI has linked this record to related incidents in the region.,Chain Snatching
491,202600013,House Theft — Tumakuru,491,under_investigation,low,59,Abdul Shastri,Tumakuru,2026-02-17 00:00:00,2026-05-24 00:00:00,Investigation into house theft in Tumakuru. Modus operandi lock breaking. AI has linked this record to related incidents in the region.,House Theft
492,202600007,Vehicle Theft — Mandya,492,charge_sheeted,medium,71,Basavaraj Kulkarni,Mandya,2026-02-01 00:00:00,2026-07-01 00:00:00,Investigation into vehicle theft in Mandya. Modus operandi duplicate key. AI has linked this record to related incidents in the region.,Vehicle Theft
493,202600014,House Theft — Tumakuru,493,charge_sheeted,medium,60,Manjunath Naik,Tumakuru,2026-02-27 00:00:00,2026-05-29 00:00:00,Investigation into house theft in Tumakuru. Modus operandi insider info. AI has linked this record to related incidents in the region.,House Theft
494,202500009,Cybercrime — Kalaburagi,494,under_investigation,low,34,Anil Kulkarni,Kalaburagi,2025-09-02 00:00:00,2026-06-10 00:00:00,Investigation into cybercrime in Kalaburagi. Modus operandi impersonation. AI has linked this record to related incidents in the region.,Cybercrime
495,202500011,Kidnapping — Mandya,495,closed,high,70,Shivaraj Nayak,Mandya,2025-04-14 00:00:00,2026-05-30 00:00:00,Investigation into kidnapping in Mandya. Modus operandi ransom. AI has linked this record to related incidents in the region.,Kidnapping
496,202600015,Vehicle Theft — Udupi,496,registered,medium,63,Darshan Kulkarni,Udupi,2026-01-22 00:00:00,2026-06-25 00:00:00,Investigation into vehicle theft in Udupi. Modus operandi duplicate key. AI has linked this record to related incidents in the region.,Vehicle Theft
497,202500008,Dacoity — Vijayapura,497,closed,critical,46,Mahesh Desai,Vijayapura,2025-09-01 00:00:00,2026-07-14 00:00:00,Investigation into dacoity in Vijayapura. Modus operandi gang operation. AI has linked this record to related incidents in the region.,Dacoity
498,202500001,Chain Snatching — Belagavi,498,charge_sheeted,low,26,Ganesh Kumar,Belagavi,2025-10-26 00:00:00,2026-06-18 00:00:00,Investigation into chain snatching in Belagavi. Modus operandi crowded market. AI has linked this record to related incidents in the region.,Chain Snatching
499,202600014,Attempt to Murder — Belagavi,499,under_investigation,high,25,Girish Reddy,Belagavi,2026-02-16 00:00:00,2026-06-03 00:00:00,Investigation into attempt to murder in Belagavi. Modus operandi gang rivalry. AI has linked this record to related incidents in the region.,Attempt to Murder
500,202600012,Assault — Ballari,500,charge_sheeted,low,42,Riyaz Bhat,Ballari,2026-04-23 00:00:00,2026-06-21 00:00:00,Investigation into assault in Ballari. Modus operandi personal enmity. AI has linked this record to related incidents in the region.,Assault
