CaseMasterID,CrimeNo,CaseNo,CrimeRegisteredDate,PolicePersonID,PoliceStationID,CaseCategoryID,GravityOffenceID,CrimeMajorHeadID,CrimeMinorHeadID,CaseStatusID,CourtID,IncidentFromDate,IncidentToDate,InfoReceivedPSDate,latitude,longitude,BriefFacts
1,104100019202600001,202600001,2026-02-12,57,19,1,1,2,6,2,,2026-02-12 00:00:00,2026-02-13 00:00:00,2026-02-12 00:00:00,13.284977975729479,77.13552038950398,Dacoity reported under city limits of Tumakuru. Modus operandi: armed robbery.
2,104100019202600002,202600002,2026-06-08,56,19,1,2,2,4,2,,2026-06-05 00:00:00,2026-06-06 00:00:00,2026-06-08 00:00:00,13.343171261893213,77.05256847149711,Vehicle Theft reported under city limits of Tumakuru. Modus operandi: vehicle lifting.
3,104050010202600001,202600001,2026-06-04,30,10,1,2,2,2,2,,2026-06-04 00:00:00,2026-06-05 00:00:00,2026-06-04 00:00:00,15.767232832054422,74.46705027160681,House Theft reported under rural limits of Belagavi. Modus operandi: lock breaking.
4,104090018202500001,202500001,2025-05-10,53,18,1,1,3,16,3,9,2025-05-10 00:00:00,2025-05-11 00:00:00,2025-05-10 00:00:00,13.963642419783957,75.5482402015565,Counterfeiting reported under rural limits of Shivamogga. Modus operandi: syndicate.
5,104090017202600001,202600001,2026-04-30,49,17,1,2,2,1,2,,2026-04-30 00:00:00,2026-05-01 00:00:00,2026-04-30 00:00:00,13.844514531691186,75.5934096500691,Burglary reported under city limits of Shivamogga. Modus operandi: lock breaking.
6,104020003202600001,202600001,2026-05-11,8,3,1,2,1,9,4,2,2026-05-09 00:00:00,2026-05-10 00:00:00,2026-05-11 00:00:00,12.243589827086963,76.69315275766942,Assault reported under city limits of Mysuru. Modus operandi: street fight.
7,104110022202500001,202500001,2025-12-14,65,22,1,1,6,12,4,11,2025-12-11 00:00:00,2025-12-12 00:00:00,2025-12-14 00:00:00,13.402072995199449,74.68095226664133,Drug Trafficking reported under rural limits of Udupi. Modus operandi: drug courier.
8,104060011202500001,202500001,2025-06-06,31,11,1,2,4,11,1,,2025-06-04 00:00:00,2025-06-05 00:00:00,2025-06-06 00:00:00,17.35451129689142,76.91268131071534,Cybercrime reported under city limits of Kalaburagi. Modus operandi: fake upi link.
9,104100019202600003,202600003,2026-05-13,55,19,1,2,2,1,1,,2026-05-11 00:00:00,2026-05-12 00:00:00,2026-05-13 00:00:00,13.34058442686647,77.15604507168774,Burglary reported under city limits of Tumakuru. Modus operandi: cctv blindspot.
10,104020003202500001,202500001,2025-04-23,7,3,1,2,3,10,3,2,2025-04-22 00:00:00,2025-04-23 00:00:00,2025-04-23 00:00:00,12.267111897542328,76.60932204832844,Cheating & Fraud reported under city limits of Mysuru. Modus operandi: impersonation.
11,104080015202500001,202500001,2025-11-21,44,15,1,2,4,11,4,8,2025-11-19 00:00:00,2025-11-20 00:00:00,2025-11-21 00:00:00,16.816545547852108,75.67822124387602,Cybercrime reported under city limits of Vijayapura. Modus operandi: otp fraud.
12,104040007202600001,202600001,2026-07-11,21,7,1,2,1,9,2,,2026-07-09 00:00:00,2026-07-10 00:00:00,2026-07-11 00:00:00,15.442255465139448,75.09732692521158,Assault reported under city limits of Hubballi-Dharwad. Modus operandi: personal enmity.
13,104060011202600001,202600001,2026-03-22,31,11,1,2,2,4,2,,2026-03-20 00:00:00,2026-03-21 00:00:00,2026-03-22 00:00:00,17.291751121187396,76.80102706632874,Vehicle Theft reported under city limits of Kalaburagi. Modus operandi: vehicle lifting.
14,104060012202600001,202600001,2026-04-13,35,12,1,2,1,9,3,6,2026-04-12 00:00:00,2026-04-13 00:00:00,2026-04-13 00:00:00,17.251243828034774,76.7650469717646,Assault reported under rural limits of Kalaburagi. Modus operandi: personal enmity.
15,104080015202600001,202600001,2026-04-08,45,15,1,2,2,4,3,8,2026-04-06 00:00:00,2026-04-07 00:00:00,2026-04-08 00:00:00,16.866663110577317,75.62393450181,Vehicle Theft reported under city limits of Vijayapura. Modus operandi: vehicle lifting.
16,104050010202500001,202500001,2025-02-28,29,10,1,1,2,5,3,5,2025-02-25 00:00:00,2025-02-26 00:00:00,2025-02-28 00:00:00,15.823848124321364,74.43249989318642,Robbery reported under rural limits of Belagavi. Modus operandi: armed robbery.
17,304070013202600001,202600001,2026-02-17,38,13,3,2,2,4,1,,2026-02-15 00:00:00,2026-02-16 00:00:00,2026-02-17 00:00:00,15.12344713486787,76.89362998114304,Vehicle Theft reported under city limits of Ballari. Modus operandi: duplicate key.
18,104050009202600001,202600001,2026-01-21,27,9,1,1,1,8,3,5,2026-01-20 00:00:00,2026-01-21 00:00:00,2026-01-21 00:00:00,15.783305749132111,74.58125241829529,Attempt to Murder reported under city limits of Belagavi. Modus operandi: personal enmity.
19,104070013202600001,202600001,2026-06-26,39,13,1,2,2,1,1,,2026-06-26 00:00:00,2026-06-27 00:00:00,2026-06-26 00:00:00,15.083802636773884,76.95369491095525,Burglary reported under city limits of Ballari. Modus operandi: lock breaking.
20,104020003202500002,202500002,2025-04-01,9,3,1,2,2,3,3,2,2025-04-01 00:00:00,2025-04-02 00:00:00,2025-04-01 00:00:00,12.232884770989605,76.62582160272692,Chain Snatching reported under city limits of Mysuru. Modus operandi: crowded market.
21,104080015202500002,202500002,2025-07-16,45,15,1,2,2,4,1,,2025-07-16 00:00:00,2025-07-17 00:00:00,2025-07-16 00:00:00,16.861422221432257,75.67860269402154,Vehicle Theft reported under city limits of Vijayapura. Modus operandi: vehicle lifting.
22,104050009202600002,202600002,2026-03-18,26,9,1,2,2,4,2,,2026-03-17 00:00:00,2026-03-18 00:00:00,2026-03-18 00:00:00,15.813453608055413,74.42554880121239,Vehicle Theft reported under city limits of Belagavi. Modus operandi: duplicate key.
23,104020004202600001,202600001,2026-05-19,11,4,1,2,3,10,2,,2026-05-18 00:00:00,2026-05-19 00:00:00,2026-05-19 00:00:00,12.29930408500526,76.58882143876104,Cheating & Fraud reported under rural limits of Mysuru. Modus operandi: impersonation.
24,304010002202600001,202600001,2026-06-20,5,2,3,2,2,4,3,1,2026-06-20 00:00:00,2026-06-21 00:00:00,2026-06-20 00:00:00,13.024156362026371,77.55298362096343,Vehicle Theft reported under rural limits of Bengaluru Urban. Modus operandi: duplicate key.
25,104080016202500001,202500001,2025-04-14,47,16,1,2,2,4,2,,2025-04-11 00:00:00,2025-04-12 00:00:00,2025-04-14 00:00:00,16.821105724577606,75.68207818873226,Vehicle Theft reported under rural limits of Vijayapura. Modus operandi: vehicle lifting.
26,104080016202500002,202500002,2025-04-20,46,16,1,2,2,4,1,,2025-04-20 00:00:00,2025-04-21 00:00:00,2025-04-20 00:00:00,16.860427596010084,75.75955552854109,Vehicle Theft reported under rural limits of Vijayapura. Modus operandi: duplicate key.
27,304070014202500001,202500001,2025-07-11,40,14,3,1,2,5,2,,2025-07-10 00:00:00,2025-07-11 00:00:00,2025-07-11 00:00:00,15.113841847079433,76.87951599500944,Robbery reported under rural limits of Ballari. Modus operandi: two wheeler getaway.
28,104040008202600001,202600001,2026-05-26,23,8,1,1,1,8,3,4,2026-05-24 00:00:00,2026-05-25 00:00:00,2026-05-26 00:00:00,15.372761924143694,75.17288257491401,Attempt to Murder reported under rural limits of Hubballi-Dharwad. Modus operandi: personal enmity.
29,104070014202500001,202500001,2025-08-11,42,14,1,2,5,15,3,7,2025-08-11 00:00:00,2025-08-12 00:00:00,2025-08-11 00:00:00,15.178262856286578,76.90723626081702,Rioting reported under rural limits of Ballari. Modus operandi: communal.
30,104050009202500001,202500001,2025-06-17,26,9,1,2,2,1,3,5,2025-06-17 00:00:00,2025-06-18 00:00:00,2025-06-17 00:00:00,15.789701134672203,74.5564230951991,Burglary reported under city limits of Belagavi. Modus operandi: lock breaking.
31,104030006202600001,202600001,2026-05-19,16,6,1,2,5,15,3,3,2026-05-18 00:00:00,2026-05-19 00:00:00,2026-05-19 00:00:00,12.946682910549827,74.80444295944086,Rioting reported under rural limits of Dakshina Kannada. Modus operandi: communal.
32,104050010202600002,202600002,2026-03-05,30,10,1,2,2,1,2,,2026-03-04 00:00:00,2026-03-05 00:00:00,2026-03-05 00:00:00,15.910596795815788,74.49910919263475,Burglary reported under rural limits of Belagavi. Modus operandi: lock breaking.
33,104090017202600002,202600002,2026-01-29,51,17,1,2,4,11,4,9,2026-01-29 00:00:00,2026-01-30 00:00:00,2026-01-29 00:00:00,13.932704979337379,75.54887253170311,Cybercrime reported under city limits of Shivamogga. Modus operandi: otp fraud.
34,104050010202600003,202600003,2026-03-20,29,10,1,1,5,14,3,5,2026-03-17 00:00:00,2026-03-18 00:00:00,2026-03-20 00:00:00,15.784284443154744,74.54146137180253,Extortion reported under rural limits of Belagavi. Modus operandi: threat call.
35,104100019202600004,202600004,2026-06-28,55,19,1,2,5,15,1,,2026-06-25 00:00:00,2026-06-26 00:00:00,2026-06-28 00:00:00,13.275514270607008,77.15205188151002,Rioting reported under city limits of Tumakuru. Modus operandi: mob.
36,104120023202600001,202600001,2026-01-17,69,23,1,2,2,2,2,,2026-01-15 00:00:00,2026-01-16 00:00:00,2026-01-17 00:00:00,12.495845017638244,76.91083545175809,House Theft reported under city limits of Mandya. Modus operandi: insider info.
37,104090017202500001,202500001,2025-02-06,50,17,1,1,2,5,3,9,2025-02-03 00:00:00,2025-02-04 00:00:00,2025-02-06 00:00:00,13.89045169539526,75.5111944639258,Robbery reported under city limits of Shivamogga. Modus operandi: two wheeler getaway.
38,104030005202600001,202600001,2026-03-25,13,5,1,2,2,3,3,3,2026-03-22 00:00:00,2026-03-23 00:00:00,2026-03-25 00:00:00,12.889498296494967,74.81205076904408,Chain Snatching reported under city limits of Dakshina Kannada. Modus operandi: crowded market.
39,104050009202500002,202500002,2025-02-20,27,9,1,2,2,4,1,,2025-02-19 00:00:00,2025-02-20 00:00:00,2025-02-20 00:00:00,15.806894103635848,74.53301525365542,Vehicle Theft reported under city limits of Belagavi. Modus operandi: vehicle lifting.
40,104080015202500003,202500003,2025-09-23,43,15,1,2,1,9,3,8,2025-09-22 00:00:00,2025-09-23 00:00:00,2025-09-23 00:00:00,16.835327304256896,75.6349234068673,Assault reported under city limits of Vijayapura. Modus operandi: personal enmity.
41,104020003202500003,202500003,2025-12-21,8,3,1,1,1,13,3,2,2025-12-18 00:00:00,2025-12-19 00:00:00,2025-12-21 00:00:00,12.296897224736586,76.5977603571169,Kidnapping reported under city limits of Mysuru. Modus operandi: personal enmity.
42,104080016202600001,202600001,2026-06-29,47,16,1,2,3,10,2,,2026-06-26 00:00:00,2026-06-27 00:00:00,2026-06-29 00:00:00,16.740288969836943,75.7902152096061,Cheating & Fraud reported under rural limits of Vijayapura. Modus operandi: fake investment.
43,304040007202600001,202600001,2026-01-26,21,7,3,2,2,3,2,,2026-01-25 00:00:00,2026-01-26 00:00:00,2026-01-26 00:00:00,15.412946917696669,75.03788017651624,Chain Snatching reported under city limits of Hubballi-Dharwad. Modus operandi: two wheeler getaway.
44,104040007202600002,202600002,2026-03-10,20,7,1,1,1,7,4,4,2026-03-08 00:00:00,2026-03-09 00:00:00,2026-03-10 00:00:00,15.295503424553013,75.13603725764062,Murder reported under city limits of Hubballi-Dharwad. Modus operandi: personal enmity.
45,104110021202500001,202500001,2025-02-09,62,21,1,2,4,11,2,,2025-02-09 00:00:00,2025-02-10 00:00:00,2025-02-09 00:00:00,13.345835875711963,74.81373654247298,Cybercrime reported under city limits of Udupi. Modus operandi: impersonation.
46,104060012202600002,202600002,2026-07-02,35,12,1,2,2,4,2,,2026-06-29 00:00:00,2026-06-30 00:00:00,2026-07-02 00:00:00,17.40535801453311,76.77560348557606,Vehicle Theft reported under rural limits of Kalaburagi. Modus operandi: duplicate key.
47,104060012202500001,202500001,2025-10-21,35,12,1,2,4,11,2,,2025-10-18 00:00:00,2025-10-19 00:00:00,2025-10-21 00:00:00,17.26133497946225,76.91533853407316,Cybercrime reported under rural limits of Kalaburagi. Modus operandi: fake upi link.
48,304060011202600001,202600001,2026-05-08,32,11,3,2,2,3,2,,2026-05-07 00:00:00,2026-05-08 00:00:00,2026-05-08 00:00:00,17.252990461129507,76.80981239900757,Chain Snatching reported under city limits of Kalaburagi. Modus operandi: crowded market.
49,104040007202600003,202600003,2026-06-25,21,7,1,2,2,3,3,4,2026-06-23 00:00:00,2026-06-24 00:00:00,2026-06-25 00:00:00,15.432919458479434,75.06827758845967,Chain Snatching reported under city limits of Hubballi-Dharwad. Modus operandi: crowded market.
50,104060012202600003,202600003,2026-03-26,35,12,1,1,2,5,1,,2026-03-24 00:00:00,2026-03-25 00:00:00,2026-03-26 00:00:00,17.34295186602771,76.75552201978229,Robbery reported under rural limits of Kalaburagi. Modus operandi: two wheeler getaway.
51,104120023202500001,202500001,2025-06-04,67,23,1,2,2,1,3,12,2025-06-01 00:00:00,2025-06-02 00:00:00,2025-06-04 00:00:00,12.553413166585564,76.86531055430844,Burglary reported under city limits of Mandya. Modus operandi: lock breaking.
52,104060011202600002,202600002,2026-02-09,33,11,1,2,5,15,3,6,2026-02-06 00:00:00,2026-02-07 00:00:00,2026-02-09 00:00:00,17.40656365122441,76.74794466498606,Rioting reported under city limits of Kalaburagi. Modus operandi: mob.
53,104080015202600002,202600002,2026-03-29,43,15,1,2,2,2,3,8,2026-03-29 00:00:00,2026-03-30 00:00:00,2026-03-29 00:00:00,16.85489512052834,75.62891478928736,House Theft reported under city limits of Vijayapura. Modus operandi: lock breaking.
54,104110022202500002,202500002,2025-07-02,65,22,1,2,2,2,2,,2025-06-30 00:00:00,2025-07-01 00:00:00,2025-07-02 00:00:00,13.296387751830368,74.78289584293532,House Theft reported under rural limits of Udupi. Modus operandi: lock breaking.
55,804110022202500001,202500001,2025-11-11,64,22,8,2,2,3,2,,2025-11-11 00:00:00,2025-11-12 00:00:00,2025-11-11 00:00:00,13.26694044935666,74.7403389931567,Chain Snatching reported under rural limits of Udupi. Modus operandi: two wheeler getaway.
56,104020003202600002,202600002,2026-05-02,9,3,1,2,2,1,2,,2026-05-01 00:00:00,2026-05-02 00:00:00,2026-05-02 00:00:00,12.206042970879189,76.63867660508546,Burglary reported under city limits of Mysuru. Modus operandi: cctv blindspot.
57,104060011202500002,202500002,2025-03-25,31,11,1,1,2,5,2,,2025-03-22 00:00:00,2025-03-23 00:00:00,2025-03-25 00:00:00,17.29183914470747,76.86003239173274,Robbery reported under city limits of Kalaburagi. Modus operandi: two wheeler getaway.
58,104110021202500002,202500002,2025-11-23,61,21,1,2,3,10,2,,2025-11-20 00:00:00,2025-11-21 00:00:00,2025-11-23 00:00:00,13.329573350051977,74.79115851617455,Cheating & Fraud reported under city limits of Udupi. Modus operandi: impersonation.
59,104040007202500001,202500001,2025-05-17,21,7,1,1,2,6,2,,2025-05-17 00:00:00,2025-05-18 00:00:00,2025-05-17 00:00:00,15.333892385803907,75.08876686267648,Dacoity reported under city limits of Hubballi-Dharwad. Modus operandi: armed robbery.
60,104120023202600002,202600002,2026-03-06,67,23,1,1,2,5,2,,2026-03-06 00:00:00,2026-03-07 00:00:00,2026-03-06 00:00:00,12.550120925214328,76.87388316526506,Robbery reported under city limits of Mandya. Modus operandi: two wheeler getaway.
61,104080015202600003,202600003,2026-04-15,45,15,1,2,2,2,4,8,2026-04-15 00:00:00,2026-04-16 00:00:00,2026-04-15 00:00:00,16.752777215484343,75.79922239345032,House Theft reported under city limits of Vijayapura. Modus operandi: lock breaking.
62,104040007202600004,202600004,2026-04-10,21,7,1,1,1,7,4,4,2026-04-10 00:00:00,2026-04-11 00:00:00,2026-04-10 00:00:00,15.2772759745948,75.16345570599287,Murder reported under city limits of Hubballi-Dharwad. Modus operandi: personal enmity.
63,104010001202600001,202600001,2026-02-01,2,1,1,2,3,10,2,,2026-01-31 00:00:00,2026-02-01 00:00:00,2026-02-01 00:00:00,13.001164174325206,77.54638467528895,Cheating & Fraud reported under city limits of Bengaluru Urban. Modus operandi: impersonation.
64,104110022202600001,202600001,2026-06-02,66,22,1,2,2,4,2,,2026-05-31 00:00:00,2026-06-01 00:00:00,2026-06-02 00:00:00,13.404258988128602,74.80844047836065,Vehicle Theft reported under rural limits of Udupi. Modus operandi: vehicle lifting.
65,104090017202600003,202600003,2026-03-27,50,17,1,1,2,5,2,,2026-03-27 00:00:00,2026-03-28 00:00:00,2026-03-27 00:00:00,13.872891033168509,75.6206826648157,Robbery reported under city limits of Shivamogga. Modus operandi: two wheeler getaway.
66,304080016202500001,202500001,2025-12-05,46,16,3,2,4,11,2,,2025-12-02 00:00:00,2025-12-03 00:00:00,2025-12-05 00:00:00,16.777469251849503,75.6618397435965,Cybercrime reported under rural limits of Vijayapura. Modus operandi: otp fraud.
67,104110021202500003,202500003,2025-03-22,61,21,1,2,5,15,3,11,2025-03-19 00:00:00,2025-03-20 00:00:00,2025-03-22 00:00:00,13.253680409799887,74.78003902412522,Rioting reported under city limits of Udupi. Modus operandi: mob.
68,104090017202600004,202600004,2026-07-11,51,17,1,2,2,4,4,9,2026-07-11 00:00:00,2026-07-12 00:00:00,2026-07-11 00:00:00,13.866990993756428,75.64834186112452,Vehicle Theft reported under city limits of Shivamogga. Modus operandi: duplicate key.
69,104020003202500004,202500004,2025-03-13,7,3,1,2,2,4,3,2,2025-03-13 00:00:00,2025-03-14 00:00:00,2025-03-13 00:00:00,12.381826890599168,76.56390766447,Vehicle Theft reported under city limits of Mysuru. Modus operandi: duplicate key.
70,104050009202500003,202500003,2025-07-02,26,9,1,2,3,10,1,,2025-07-01 00:00:00,2025-07-02 00:00:00,2025-07-02 00:00:00,15.812369757483527,74.43537194862012,Cheating & Fraud reported under city limits of Belagavi. Modus operandi: fake investment.
71,104090018202500002,202500002,2025-12-20,52,18,1,2,2,2,3,9,2025-12-18 00:00:00,2025-12-19 00:00:00,2025-12-20 00:00:00,13.882061254165695,75.61807007995378,House Theft reported under rural limits of Shivamogga. Modus operandi: lock breaking.
72,104110021202600001,202600001,2026-04-09,61,21,1,2,2,2,4,11,2026-04-06 00:00:00,2026-04-07 00:00:00,2026-04-09 00:00:00,13.30187558693029,74.82955446990243,House Theft reported under city limits of Udupi. Modus operandi: lock breaking.
73,104020003202600003,202600003,2026-04-18,9,3,1,1,1,7,3,2,2026-04-15 00:00:00,2026-04-16 00:00:00,2026-04-18 00:00:00,12.33833856377676,76.55668553586173,Murder reported under city limits of Mysuru. Modus operandi: personal enmity.
74,104030005202600002,202600002,2026-06-05,15,5,1,1,1,8,4,3,2026-06-03 00:00:00,2026-06-04 00:00:00,2026-06-05 00:00:00,12.976635927607678,74.91571456885804,Attempt to Murder reported under city limits of Dakshina Kannada. Modus operandi: personal enmity.
75,104010001202600002,202600002,2026-04-09,2,1,1,2,2,2,3,1,2026-04-07 00:00:00,2026-04-08 00:00:00,2026-04-09 00:00:00,12.946705722099543,77.5465655299373,House Theft reported under city limits of Bengaluru Urban. Modus operandi: lock breaking.
76,104100019202600005,202600005,2026-01-11,56,19,1,2,3,10,2,,2026-01-09 00:00:00,2026-01-10 00:00:00,2026-01-11 00:00:00,13.292832573079131,77.12146819911916,Cheating & Fraud reported under city limits of Tumakuru. Modus operandi: impersonation.
77,104030005202500001,202500001,2025-12-28,14,5,1,2,5,15,4,3,2025-12-27 00:00:00,2025-12-28 00:00:00,2025-12-28 00:00:00,12.885645968307182,74.8811634626789,Rioting reported under city limits of Dakshina Kannada. Modus operandi: communal.
78,104010002202600001,202600001,2026-02-22,4,2,1,2,4,11,3,1,2026-02-22 00:00:00,2026-02-23 00:00:00,2026-02-22 00:00:00,12.974143413206004,77.63247229818292,Cybercrime reported under rural limits of Bengaluru Urban. Modus operandi: fake upi link.
79,104050009202500004,202500004,2025-07-02,26,9,1,2,2,1,3,5,2025-07-01 00:00:00,2025-07-02 00:00:00,2025-07-02 00:00:00,15.769736037145183,74.46979521489217,Burglary reported under city limits of Belagavi. Modus operandi: cctv blindspot.
80,104010001202500001,202500001,2025-07-22,1,1,1,2,2,4,4,1,2025-07-21 00:00:00,2025-07-22 00:00:00,2025-07-22 00:00:00,12.997699689034745,77.65760563781056,Vehicle Theft reported under city limits of Bengaluru Urban. Modus operandi: duplicate key.
81,104070013202500001,202500001,2025-07-27,38,13,1,2,3,10,2,,2025-07-27 00:00:00,2025-07-28 00:00:00,2025-07-27 00:00:00,15.137547339602001,76.90917140706313,Cheating & Fraud reported under city limits of Ballari. Modus operandi: impersonation.
82,104100020202500001,202500001,2025-06-30,58,20,1,2,4,11,2,,2025-06-29 00:00:00,2025-06-30 00:00:00,2025-06-30 00:00:00,13.320603292914665,77.1473639681425,Cybercrime reported under rural limits of Tumakuru. Modus operandi: impersonation.
83,104110021202500004,202500004,2025-12-25,61,21,1,1,6,12,1,,2025-12-23 00:00:00,2025-12-24 00:00:00,2025-12-25 00:00:00,13.274271763108297,74.76008138297162,Drug Trafficking reported under city limits of Udupi. Modus operandi: drug courier.
84,104120024202500001,202500001,2025-10-23,72,24,1,2,2,2,2,,2025-10-21 00:00:00,2025-10-22 00:00:00,2025-10-23 00:00:00,12.570035125729813,76.91991241209637,House Theft reported under rural limits of Mandya. Modus operandi: lock breaking.
85,104110021202500005,202500005,2025-12-31,63,21,1,1,2,5,2,,2025-12-31 00:00:00,2026-01-01 00:00:00,2025-12-31 00:00:00,13.32780423627384,74.7152743663596,Robbery reported under city limits of Udupi. Modus operandi: two wheeler getaway.
86,804010002202600001,202600001,2026-01-26,4,2,8,1,2,5,2,,2026-01-25 00:00:00,2026-01-26 00:00:00,2026-01-26 00:00:00,12.99476684422549,77.67130459224842,Robbery reported under rural limits of Bengaluru Urban. Modus operandi: two wheeler getaway.
87,104080016202500003,202500003,2025-10-10,46,16,1,2,2,4,3,8,2025-10-10 00:00:00,2025-10-11 00:00:00,2025-10-10 00:00:00,16.77964217420649,75.64374478114303,Vehicle Theft reported under rural limits of Vijayapura. Modus operandi: vehicle lifting.
88,104050010202500002,202500002,2025-07-23,30,10,1,2,2,2,2,,2025-07-20 00:00:00,2025-07-21 00:00:00,2025-07-23 00:00:00,15.825661247240193,74.50602265686243,House Theft reported under rural limits of Belagavi. Modus operandi: insider info.
89,104030005202600003,202600003,2026-05-01,15,5,1,1,2,5,2,,2026-05-01 00:00:00,2026-05-02 00:00:00,2026-05-01 00:00:00,12.883532416437193,74.76783246470522,Robbery reported under city limits of Dakshina Kannada. Modus operandi: two wheeler getaway.
90,104070014202600001,202600001,2026-04-15,41,14,1,2,4,11,3,7,2026-04-12 00:00:00,2026-04-13 00:00:00,2026-04-15 00:00:00,15.079346810719557,76.93066449787804,Cybercrime reported under rural limits of Ballari. Modus operandi: otp fraud.
91,104040007202500002,202500002,2025-12-23,19,7,1,2,4,11,2,,2025-12-23 00:00:00,2025-12-24 00:00:00,2025-12-23 00:00:00,15.371945065267196,75.08727516273595,Cybercrime reported under city limits of Hubballi-Dharwad. Modus operandi: otp fraud.
92,104100019202500001,202500001,2025-04-13,57,19,1,2,2,3,2,,2025-04-12 00:00:00,2025-04-13 00:00:00,2025-04-13 00:00:00,13.422542132427543,77.17754567369371,Chain Snatching reported under city limits of Tumakuru. Modus operandi: crowded market.
93,104030005202500002,202500002,2025-03-10,14,5,1,1,2,5,2,,2025-03-09 00:00:00,2025-03-10 00:00:00,2025-03-10 00:00:00,12.962757002225517,74.84448023758269,Robbery reported under city limits of Dakshina Kannada. Modus operandi: armed robbery.
94,104020003202600004,202600004,2026-07-05,8,3,1,2,2,4,2,,2026-07-05 00:00:00,2026-07-06 00:00:00,2026-07-05 00:00:00,12.342032569338754,76.65402554256897,Vehicle Theft reported under city limits of Mysuru. Modus operandi: duplicate key.
95,104010001202500002,202500002,2025-03-07,2,1,1,2,2,4,1,,2025-03-07 00:00:00,2025-03-08 00:00:00,2025-03-07 00:00:00,12.927746837514826,77.65141823008693,Vehicle Theft reported under city limits of Bengaluru Urban. Modus operandi: vehicle lifting.
96,104040008202600002,202600002,2026-07-11,22,8,1,2,4,11,2,,2026-07-11 00:00:00,2026-07-12 00:00:00,2026-07-11 00:00:00,15.285369450359418,75.09409787027258,Cybercrime reported under rural limits of Hubballi-Dharwad. Modus operandi: otp fraud.
97,104040007202600005,202600005,2026-01-22,21,7,1,1,2,5,2,,2026-01-20 00:00:00,2026-01-21 00:00:00,2026-01-22 00:00:00,15.339127348775788,75.17499529366474,Robbery reported under city limits of Hubballi-Dharwad. Modus operandi: two wheeler getaway.
98,104010001202500003,202500003,2025-11-09,3,1,1,1,1,7,2,,2025-11-08 00:00:00,2025-11-09 00:00:00,2025-11-09 00:00:00,12.907207399870641,77.5240633705495,Murder reported under city limits of Bengaluru Urban. Modus operandi: premeditated.
99,104030006202500001,202500001,2025-11-16,18,6,1,2,3,10,3,3,2025-11-16 00:00:00,2025-11-17 00:00:00,2025-11-16 00:00:00,12.865597013149783,74.94189489536359,Cheating & Fraud reported under rural limits of Dakshina Kannada. Modus operandi: impersonation.
100,104100020202600001,202600001,2026-01-28,59,20,1,2,2,3,3,10,2026-01-28 00:00:00,2026-01-29 00:00:00,2026-01-28 00:00:00,13.349041939414665,77.13581112226956,Chain Snatching reported under rural limits of Tumakuru. Modus operandi: crowded market.
101,104010001202500004,202500004,2025-12-22,2,1,1,2,2,1,2,,2025-12-22 00:00:00,2025-12-23 00:00:00,2025-12-22 00:00:00,12.929498489902727,77.64186400179322,Burglary reported under city limits of Bengaluru Urban. Modus operandi: lock breaking.
102,104060011202600003,202600003,2026-06-10,33,11,1,2,2,2,3,6,2026-06-08 00:00:00,2026-06-09 00:00:00,2026-06-10 00:00:00,17.356681923864222,76.88237528213598,House Theft reported under city limits of Kalaburagi. Modus operandi: lock breaking.
103,304080016202600001,202600001,2026-04-10,48,16,3,2,2,3,2,,2026-04-09 00:00:00,2026-04-10 00:00:00,2026-04-10 00:00:00,16.778899666080065,75.70444635363295,Chain Snatching reported under rural limits of Vijayapura. Modus operandi: crowded market.
104,104030005202600004,202600004,2026-02-16,13,5,1,2,4,11,4,3,2026-02-13 00:00:00,2026-02-14 00:00:00,2026-02-16 00:00:00,13.003796346740238,74.82749699615779,Cybercrime reported under city limits of Dakshina Kannada. Modus operandi: fake upi link.
105,804030006202500001,202500001,2025-04-21,16,6,8,2,2,2,4,3,2025-04-18 00:00:00,2025-04-19 00:00:00,2025-04-21 00:00:00,12.966669981277919,74.90265228337515,House Theft reported under rural limits of Dakshina Kannada. Modus operandi: lock breaking.
106,104020003202600005,202600005,2026-03-05,8,3,1,1,1,7,2,,2026-03-04 00:00:00,2026-03-05 00:00:00,2026-03-05 00:00:00,12.366200703856721,76.70866535302773,Murder reported under city limits of Mysuru. Modus operandi: premeditated.
107,104080015202600004,202600004,2026-01-19,43,15,1,1,1,8,3,8,2026-01-18 00:00:00,2026-01-19 00:00:00,2026-01-19 00:00:00,16.844921973766574,75.65043582884594,Attempt to Murder reported under city limits of Vijayapura. Modus operandi: personal enmity.
108,104040008202600003,202600003,2026-01-01,24,8,1,2,2,1,2,,2025-12-31 00:00:00,2026-01-01 00:00:00,2026-01-01 00:00:00,15.313391479894332,75.18415977247152,Burglary reported under rural limits of Hubballi-Dharwad. Modus operandi: cctv blindspot.
109,104050010202500003,202500003,2025-06-28,30,10,1,2,2,1,3,5,2025-06-28 00:00:00,2025-06-29 00:00:00,2025-06-28 00:00:00,15.8155188544726,74.55790154993049,Burglary reported under rural limits of Belagavi. Modus operandi: night break in.
110,104040007202500003,202500003,2025-05-28,21,7,1,2,1,9,3,4,2025-05-26 00:00:00,2025-05-27 00:00:00,2025-05-28 00:00:00,15.449011124742961,75.19913616122305,Assault reported under city limits of Hubballi-Dharwad. Modus operandi: street fight.
111,304040007202600002,202600002,2026-06-11,19,7,3,1,1,7,1,,2026-06-08 00:00:00,2026-06-09 00:00:00,2026-06-11 00:00:00,15.30518776391428,75.19853782380092,Murder reported under city limits of Hubballi-Dharwad. Modus operandi: personal enmity.
112,104100020202600002,202600002,2026-06-24,58,20,1,2,2,4,2,,2026-06-23 00:00:00,2026-06-24 00:00:00,2026-06-24 00:00:00,13.265400329036265,77.1724786841033,Vehicle Theft reported under rural limits of Tumakuru. Modus operandi: vehicle lifting.
113,104060012202500002,202500002,2025-06-29,36,12,1,1,2,5,2,,2025-06-27 00:00:00,2025-06-28 00:00:00,2025-06-29 00:00:00,17.364450590319745,76.82166599334981,Robbery reported under rural limits of Kalaburagi. Modus operandi: two wheeler getaway.
114,104110022202500003,202500003,2025-08-27,65,22,1,2,2,2,2,,2025-08-27 00:00:00,2025-08-28 00:00:00,2025-08-27 00:00:00,13.263471684853174,74.78525786274615,House Theft reported under rural limits of Udupi. Modus operandi: lock breaking.
115,104010001202600003,202600003,2026-06-18,1,1,1,2,3,10,4,1,2026-06-18 00:00:00,2026-06-19 00:00:00,2026-06-18 00:00:00,13.017428187521547,77.65478555646297,Cheating & Fraud reported under city limits of Bengaluru Urban. Modus operandi: impersonation.
116,104050009202600003,202600003,2026-03-31,26,9,1,2,2,3,4,5,2026-03-28 00:00:00,2026-03-29 00:00:00,2026-03-31 00:00:00,15.922206226659753,74.53651493187509,Chain Snatching reported under city limits of Belagavi. Modus operandi: crowded market.
117,104030006202600002,202600002,2026-04-03,16,6,1,1,3,16,3,3,2026-04-03 00:00:00,2026-04-04 00:00:00,2026-04-03 00:00:00,12.886466123786196,74.80349974857084,Counterfeiting reported under rural limits of Dakshina Kannada. Modus operandi: syndicate.
118,104120023202600003,202600003,2026-04-04,68,23,1,1,2,5,3,12,2026-04-04 00:00:00,2026-04-05 00:00:00,2026-04-04 00:00:00,12.444356007036008,76.8821027494451,Robbery reported under city limits of Mandya. Modus operandi: two wheeler getaway.
119,104110022202500004,202500004,2025-11-09,64,22,1,1,2,5,2,,2025-11-07 00:00:00,2025-11-08 00:00:00,2025-11-09 00:00:00,13.355262689815461,74.82233725317325,Robbery reported under rural limits of Udupi. Modus operandi: two wheeler getaway.
120,104070013202600002,202600002,2026-03-18,39,13,1,1,3,16,2,,2026-03-17 00:00:00,2026-03-18 00:00:00,2026-03-18 00:00:00,15.147983927741274,76.97107495142482,Counterfeiting reported under city limits of Ballari. Modus operandi: syndicate.
121,104030005202600005,202600005,2026-02-09,13,5,1,2,2,3,3,3,2026-02-09 00:00:00,2026-02-10 00:00:00,2026-02-09 00:00:00,12.973336725317314,74.85455823948047,Chain Snatching reported under city limits of Dakshina Kannada. Modus operandi: crowded market.
122,104120024202500002,202500002,2025-12-08,72,24,1,2,4,11,2,,2025-12-07 00:00:00,2025-12-08 00:00:00,2025-12-08 00:00:00,12.535353613230585,76.85312610210813,Cybercrime reported under rural limits of Mandya. Modus operandi: impersonation.
123,104090017202600005,202600005,2026-04-12,51,17,1,2,2,4,2,,2026-04-09 00:00:00,2026-04-10 00:00:00,2026-04-12 00:00:00,13.904708261096477,75.60150514951852,Vehicle Theft reported under city limits of Shivamogga. Modus operandi: vehicle lifting.
124,104090017202600006,202600006,2026-03-18,49,17,1,2,2,4,3,9,2026-03-17 00:00:00,2026-03-18 00:00:00,2026-03-18 00:00:00,13.889600700379908,75.51963997266665,Vehicle Theft reported under city limits of Shivamogga. Modus operandi: duplicate key.
125,304120023202500001,202500001,2025-04-16,68,23,3,2,2,2,3,12,2025-04-16 00:00:00,2025-04-17 00:00:00,2025-04-16 00:00:00,12.508332255864701,76.86286775943785,House Theft reported under city limits of Mandya. Modus operandi: insider info.
126,104080015202600005,202600005,2026-05-30,45,15,1,2,2,3,2,,2026-05-27 00:00:00,2026-05-28 00:00:00,2026-05-30 00:00:00,16.79971970830094,75.63130140193738,Chain Snatching reported under city limits of Vijayapura. Modus operandi: two wheeler getaway.
127,104080015202500004,202500004,2025-07-02,44,15,1,2,2,3,2,,2025-07-02 00:00:00,2025-07-03 00:00:00,2025-07-02 00:00:00,16.79714055176806,75.67004688002169,Chain Snatching reported under city limits of Vijayapura. Modus operandi: crowded market.
128,104060011202500003,202500003,2025-09-11,33,11,1,2,2,3,1,,2025-09-11 00:00:00,2025-09-12 00:00:00,2025-09-11 00:00:00,17.355191682458667,76.75241154488474,Chain Snatching reported under city limits of Kalaburagi. Modus operandi: two wheeler getaway.
129,104030006202500002,202500002,2025-01-28,16,6,1,2,2,4,1,,2025-01-26 00:00:00,2025-01-27 00:00:00,2025-01-28 00:00:00,12.927807796214148,74.8316509418087,Vehicle Theft reported under rural limits of Dakshina Kannada. Modus operandi: duplicate key.
130,104110021202500006,202500006,2025-12-09,63,21,1,2,3,10,2,,2025-12-07 00:00:00,2025-12-08 00:00:00,2025-12-09 00:00:00,13.363722314519435,74.8054854114497,Cheating & Fraud reported under city limits of Udupi. Modus operandi: impersonation.
131,104070013202600003,202600003,2026-01-11,37,13,1,2,5,15,2,,2026-01-08 00:00:00,2026-01-09 00:00:00,2026-01-11 00:00:00,15.132737957747281,77.00087203285527,Rioting reported under city limits of Ballari. Modus operandi: mob.
132,104060012202600004,202600004,2026-06-25,34,12,1,2,2,1,3,6,2026-06-23 00:00:00,2026-06-24 00:00:00,2026-06-25 00:00:00,17.319472409293798,76.85373303694483,Burglary reported under rural limits of Kalaburagi. Modus operandi: night break in.
133,104060011202500004,202500004,2025-07-10,32,11,1,2,2,2,3,6,2025-07-09 00:00:00,2025-07-10 00:00:00,2025-07-10 00:00:00,17.28894089578446,76.86559359949845,House Theft reported under city limits of Kalaburagi. Modus operandi: lock breaking.
134,104030005202600006,202600006,2026-02-14,14,5,1,2,2,4,2,,2026-02-13 00:00:00,2026-02-14 00:00:00,2026-02-14 00:00:00,12.989362606339528,74.90033483492117,Vehicle Theft reported under city limits of Dakshina Kannada. Modus operandi: vehicle lifting.
135,804080016202600001,202600001,2026-03-22,48,16,8,1,2,5,3,8,2026-03-22 00:00:00,2026-03-23 00:00:00,2026-03-22 00:00:00,16.818578029828892,75.66272150254342,Robbery reported under rural limits of Vijayapura. Modus operandi: two wheeler getaway.
136,804040007202500001,202500001,2025-08-23,19,7,8,1,1,7,2,,2025-08-21 00:00:00,2025-08-22 00:00:00,2025-08-23 00:00:00,15.289577774990162,75.13186139867733,Murder reported under city limits of Hubballi-Dharwad. Modus operandi: personal enmity.
137,104070013202500002,202500002,2025-10-11,39,13,1,2,1,9,2,,2025-10-11 00:00:00,2025-10-12 00:00:00,2025-10-11 00:00:00,15.115136493128352,76.91405302080662,Assault reported under city limits of Ballari. Modus operandi: street fight.
138,104030005202600007,202600007,2026-05-29,15,5,1,1,1,7,3,3,2026-05-26 00:00:00,2026-05-27 00:00:00,2026-05-29 00:00:00,12.942055559408292,74.84534102324768,Murder reported under city limits of Dakshina Kannada. Modus operandi: personal enmity.
139,104090017202500002,202500002,2025-12-06,50,17,1,2,2,2,1,,2025-12-06 00:00:00,2025-12-07 00:00:00,2025-12-06 00:00:00,13.946499978148006,75.62263646452632,House Theft reported under city limits of Shivamogga. Modus operandi: lock breaking.
140,104080016202600002,202600002,2026-02-27,47,16,1,2,2,3,3,8,2026-02-24 00:00:00,2026-02-25 00:00:00,2026-02-27 00:00:00,16.819891859330053,75.67040886742994,Chain Snatching reported under rural limits of Vijayapura. Modus operandi: two wheeler getaway.
141,104020003202600006,202600006,2026-02-02,8,3,1,1,6,12,1,,2026-02-01 00:00:00,2026-02-02 00:00:00,2026-02-02 00:00:00,12.21155482071843,76.69926102811526,Drug Trafficking reported under city limits of Mysuru. Modus operandi: drug courier.
142,104040008202600004,202600004,2026-05-08,23,8,1,2,5,15,1,,2026-05-08 00:00:00,2026-05-09 00:00:00,2026-05-08 00:00:00,15.343390482503734,75.16838753995113,Rioting reported under rural limits of Hubballi-Dharwad. Modus operandi: mob.
143,104120023202600004,202600004,2026-04-20,68,23,1,2,4,11,2,,2026-04-20 00:00:00,2026-04-21 00:00:00,2026-04-20 00:00:00,12.495201804931462,76.83228057709951,Cybercrime reported under city limits of Mandya. Modus operandi: fake upi link.
144,104110021202600002,202600002,2026-03-16,61,21,1,2,2,4,2,,2026-03-16 00:00:00,2026-03-17 00:00:00,2026-03-16 00:00:00,13.339054414682648,74.67088259375691,Vehicle Theft reported under city limits of Udupi. Modus operandi: vehicle lifting.
145,104050009202600004,202600004,2026-01-23,26,9,1,1,1,7,2,,2026-01-22 00:00:00,2026-01-23 00:00:00,2026-01-23 00:00:00,15.886168205056153,74.53612628188431,Murder reported under city limits of Belagavi. Modus operandi: premeditated.
146,104040008202500001,202500001,2025-11-01,24,8,1,1,2,6,4,4,2025-10-31 00:00:00,2025-11-01 00:00:00,2025-11-01 00:00:00,15.400572638984583,75.12184607753157,Dacoity reported under rural limits of Hubballi-Dharwad. Modus operandi: armed robbery.
147,104060011202600004,202600004,2026-05-17,32,11,1,2,2,4,2,,2026-05-17 00:00:00,2026-05-18 00:00:00,2026-05-17 00:00:00,17.28335406219382,76.80984644286167,Vehicle Theft reported under city limits of Kalaburagi. Modus operandi: vehicle lifting.
148,104010002202600002,202600002,2026-05-24,6,2,1,1,1,13,2,,2026-05-23 00:00:00,2026-05-24 00:00:00,2026-05-24 00:00:00,12.991233105346002,77.60566232805643,Kidnapping reported under rural limits of Bengaluru Urban. Modus operandi: ransom.
149,104100020202600003,202600003,2026-01-26,58,20,1,1,2,5,3,10,2026-01-24 00:00:00,2026-01-25 00:00:00,2026-01-26 00:00:00,13.427553367777355,77.17996831960063,Robbery reported under rural limits of Tumakuru. Modus operandi: two wheeler getaway.
150,304050010202500001,202500001,2025-04-10,29,10,3,2,2,4,2,,2025-04-10 00:00:00,2025-04-11 00:00:00,2025-04-10 00:00:00,15.927212434041127,74.51305329259466,Vehicle Theft reported under rural limits of Belagavi. Modus operandi: vehicle lifting.
151,104120024202600001,202600001,2026-02-03,71,24,1,2,2,4,3,12,2026-01-31 00:00:00,2026-02-01 00:00:00,2026-02-03 00:00:00,12.452687428100221,76.85892780478075,Vehicle Theft reported under rural limits of Mandya. Modus operandi: duplicate key.
152,104070013202500003,202500003,2025-09-30,39,13,1,2,2,3,1,,2025-09-30 00:00:00,2025-10-01 00:00:00,2025-09-30 00:00:00,15.087137455237658,76.87353634713088,Chain Snatching reported under city limits of Ballari. Modus operandi: crowded market.
153,104050009202600005,202600005,2026-03-17,25,9,1,2,5,15,2,,2026-03-14 00:00:00,2026-03-15 00:00:00,2026-03-17 00:00:00,15.938592435892485,74.4354428351296,Rioting reported under city limits of Belagavi. Modus operandi: mob.
154,104090017202500003,202500003,2025-01-23,49,17,1,1,1,13,3,9,2025-01-23 00:00:00,2025-01-24 00:00:00,2025-01-23 00:00:00,13.989240737946332,75.49679517444633,Kidnapping reported under city limits of Shivamogga. Modus operandi: ransom.
155,104060012202600005,202600005,2026-01-29,35,12,1,1,1,8,2,,2026-01-26 00:00:00,2026-01-27 00:00:00,2026-01-29 00:00:00,17.30723038242925,76.80651586756873,Attempt to Murder reported under rural limits of Kalaburagi. Modus operandi: gang rivalry.
156,104090017202600007,202600007,2026-05-22,49,17,1,1,2,5,3,9,2026-05-19 00:00:00,2026-05-20 00:00:00,2026-05-22 00:00:00,13.946308076109364,75.51408843954503,Robbery reported under city limits of Shivamogga. Modus operandi: armed robbery.
157,104060012202600006,202600006,2026-06-27,36,12,1,2,2,1,2,,2026-06-25 00:00:00,2026-06-26 00:00:00,2026-06-27 00:00:00,17.356124864130095,76.83509883359372,Burglary reported under rural limits of Kalaburagi. Modus operandi: night break in.
158,304090017202600001,202600001,2026-01-21,49,17,3,2,5,15,2,,2026-01-21 00:00:00,2026-01-22 00:00:00,2026-01-21 00:00:00,13.98908163789902,75.65194162073489,Rioting reported under city limits of Shivamogga. Modus operandi: mob.
159,104040008202600005,202600005,2026-05-02,24,8,1,2,3,10,3,4,2026-05-02 00:00:00,2026-05-03 00:00:00,2026-05-02 00:00:00,15.441114022091774,75.15152494709565,Cheating & Fraud reported under rural limits of Hubballi-Dharwad. Modus operandi: impersonation.
160,104020003202500005,202500005,2025-11-06,7,3,1,2,2,2,2,,2025-11-03 00:00:00,2025-11-04 00:00:00,2025-11-06 00:00:00,12.247498610619642,76.5627269395493,House Theft reported under city limits of Mysuru. Modus operandi: lock breaking.
161,104100019202500002,202500002,2025-04-29,57,19,1,1,3,16,2,,2025-04-28 00:00:00,2025-04-29 00:00:00,2025-04-29 00:00:00,13.260508122243545,77.11081686054375,Counterfeiting reported under city limits of Tumakuru. Modus operandi: fake currency.
162,104040008202600006,202600006,2026-04-13,22,8,1,2,4,11,1,,2026-04-10 00:00:00,2026-04-11 00:00:00,2026-04-13 00:00:00,15.441939658916368,75.10532838343735,Cybercrime reported under rural limits of Hubballi-Dharwad. Modus operandi: otp fraud.
163,104080016202500004,202500004,2025-07-26,48,16,1,2,2,3,2,,2025-07-23 00:00:00,2025-07-24 00:00:00,2025-07-26 00:00:00,16.889100084826165,75.67015480565838,Chain Snatching reported under rural limits of Vijayapura. Modus operandi: two wheeler getaway.
164,104020004202500001,202500001,2025-05-31,10,4,1,1,5,14,2,,2025-05-28 00:00:00,2025-05-29 00:00:00,2025-05-31 00:00:00,12.22642315621879,76.56321643850356,Extortion reported under rural limits of Mysuru. Modus operandi: gang operation.
165,104070013202500004,202500004,2025-11-14,39,13,1,1,6,12,1,,2025-11-11 00:00:00,2025-11-12 00:00:00,2025-11-14 00:00:00,15.109261521683633,76.88024670087137,Drug Trafficking reported under city limits of Ballari. Modus operandi: drug courier.
166,104010001202600004,202600004,2026-05-06,2,1,1,2,2,3,2,,2026-05-06 00:00:00,2026-05-07 00:00:00,2026-05-06 00:00:00,13.055433300899715,77.57492613530289,Chain Snatching reported under city limits of Bengaluru Urban. Modus operandi: two wheeler getaway.
167,104070013202600004,202600004,2026-04-15,39,13,1,2,5,15,1,,2026-04-13 00:00:00,2026-04-14 00:00:00,2026-04-15 00:00:00,15.187021487616562,76.86906658536624,Rioting reported under city limits of Ballari. Modus operandi: mob.
168,104020004202500002,202500002,2025-11-18,12,4,1,2,2,1,2,,2025-11-16 00:00:00,2025-11-17 00:00:00,2025-11-18 00:00:00,12.258939555654488,76.64001411857605,Burglary reported under rural limits of Mysuru. Modus operandi: lock breaking.
169,804020004202500001,202500001,2025-08-22,10,4,8,2,2,4,2,,2025-08-19 00:00:00,2025-08-20 00:00:00,2025-08-22 00:00:00,12.38055712652318,76.57600363269037,Vehicle Theft reported under rural limits of Mysuru. Modus operandi: vehicle lifting.
170,104110022202600002,202600002,2026-01-26,64,22,1,1,1,13,2,,2026-01-26 00:00:00,2026-01-27 00:00:00,2026-01-26 00:00:00,13.312930305517837,74.67709044531955,Kidnapping reported under rural limits of Udupi. Modus operandi: ransom.
171,104120024202600002,202600002,2026-07-02,71,24,1,1,1,8,2,,2026-07-02 00:00:00,2026-07-03 00:00:00,2026-07-02 00:00:00,12.469669645591825,76.86731292844712,Attempt to Murder reported under rural limits of Mandya. Modus operandi: gang rivalry.
172,104110022202500005,202500005,2025-12-01,64,22,1,1,2,6,3,11,2025-11-30 00:00:00,2025-12-01 00:00:00,2025-12-01 00:00:00,13.41977093062047,74.68339941557534,Dacoity reported under rural limits of Udupi. Modus operandi: gang operation.
173,104110021202600003,202600003,2026-06-27,63,21,1,2,2,3,1,,2026-06-25 00:00:00,2026-06-26 00:00:00,2026-06-27 00:00:00,13.285032418506779,74.70430414573792,Chain Snatching reported under city limits of Udupi. Modus operandi: two wheeler getaway.
174,104080015202600006,202600006,2026-03-06,44,15,1,2,2,4,2,,2026-03-03 00:00:00,2026-03-04 00:00:00,2026-03-06 00:00:00,16.83034979227912,75.66552874776069,Vehicle Theft reported under city limits of Vijayapura. Modus operandi: vehicle lifting.
175,104030005202600008,202600008,2026-04-01,14,5,1,2,5,15,2,,2026-03-31 00:00:00,2026-04-01 00:00:00,2026-04-01 00:00:00,12.958843046471848,74.84855946699064,Rioting reported under city limits of Dakshina Kannada. Modus operandi: mob.
176,104010002202600003,202600003,2026-05-29,4,2,1,2,2,4,2,,2026-05-28 00:00:00,2026-05-29 00:00:00,2026-05-29 00:00:00,12.905643039768004,77.60231657053846,Vehicle Theft reported under rural limits of Bengaluru Urban. Modus operandi: duplicate key.
177,104030006202600003,202600003,2026-03-17,17,6,1,1,2,5,4,3,2026-03-14 00:00:00,2026-03-15 00:00:00,2026-03-17 00:00:00,12.842210304856673,74.91620618570968,Robbery reported under rural limits of Dakshina Kannada. Modus operandi: two wheeler getaway.
178,104060012202600007,202600007,2026-06-29,36,12,1,2,2,3,3,6,2026-06-26 00:00:00,2026-06-27 00:00:00,2026-06-29 00:00:00,17.351352060439808,76.85098104129378,Chain Snatching reported under rural limits of Kalaburagi. Modus operandi: crowded market.
179,104030005202500003,202500003,2025-07-07,13,5,1,2,4,11,3,3,2025-07-04 00:00:00,2025-07-05 00:00:00,2025-07-07 00:00:00,12.839373115751332,74.85601817217562,Cybercrime reported under city limits of Dakshina Kannada. Modus operandi: fake upi link.
180,104050010202600004,202600004,2026-02-27,30,10,1,2,2,2,1,,2026-02-24 00:00:00,2026-02-25 00:00:00,2026-02-27 00:00:00,15.928725528747588,74.5204416387014,House Theft reported under rural limits of Belagavi. Modus operandi: lock breaking.
181,104100020202500002,202500002,2025-02-15,59,20,1,2,4,11,3,10,2025-02-14 00:00:00,2025-02-15 00:00:00,2025-02-15 00:00:00,13.29873493163809,77.16210912273284,Cybercrime reported under rural limits of Tumakuru. Modus operandi: impersonation.
182,104060012202600008,202600008,2026-04-12,35,12,1,2,2,3,4,6,2026-04-10 00:00:00,2026-04-11 00:00:00,2026-04-12 00:00:00,17.282396179137564,76.86124288582076,Chain Snatching reported under rural limits of Kalaburagi. Modus operandi: two wheeler getaway.
183,104060012202600009,202600009,2026-03-22,36,12,1,2,3,10,2,,2026-03-22 00:00:00,2026-03-23 00:00:00,2026-03-22 00:00:00,17.393846865317595,76.84507265145257,Cheating & Fraud reported under rural limits of Kalaburagi. Modus operandi: fake investment.
184,104100019202600006,202600006,2026-06-15,56,19,1,1,1,8,4,10,2026-06-12 00:00:00,2026-06-13 00:00:00,2026-06-15 00:00:00,13.269930744682997,77.08262985675614,Attempt to Murder reported under city limits of Tumakuru. Modus operandi: gang rivalry.
185,104040007202500004,202500004,2025-11-23,19,7,1,2,2,4,2,,2025-11-20 00:00:00,2025-11-21 00:00:00,2025-11-23 00:00:00,15.283779381618649,75.05424966791738,Vehicle Theft reported under city limits of Hubballi-Dharwad. Modus operandi: vehicle lifting.
186,104020004202600002,202600002,2026-03-24,10,4,1,2,2,2,2,,2026-03-23 00:00:00,2026-03-24 00:00:00,2026-03-24 00:00:00,12.299194734319299,76.61418373937774,House Theft reported under rural limits of Mysuru. Modus operandi: insider info.
187,104060011202500005,202500005,2025-06-06,33,11,1,1,5,14,2,,2025-06-03 00:00:00,2025-06-04 00:00:00,2025-06-06 00:00:00,17.369470654579622,76.82745324612428,Extortion reported under city limits of Kalaburagi. Modus operandi: threat call.
188,104040007202500005,202500005,2025-05-03,19,7,1,2,5,15,2,,2025-05-01 00:00:00,2025-05-02 00:00:00,2025-05-03 00:00:00,15.380185342061147,75.11808915501553,Rioting reported under city limits of Hubballi-Dharwad. Modus operandi: communal.
189,104080015202600007,202600007,2026-04-20,44,15,1,2,4,11,3,8,2026-04-17 00:00:00,2026-04-18 00:00:00,2026-04-20 00:00:00,16.782608362855203,75.79469032761641,Cybercrime reported under city limits of Vijayapura. Modus operandi: impersonation.
190,104030005202600009,202600009,2026-05-23,13,5,1,2,3,10,2,,2026-05-21 00:00:00,2026-05-22 00:00:00,2026-05-23 00:00:00,12.967824350980482,74.80872602487355,Cheating & Fraud reported under city limits of Dakshina Kannada. Modus operandi: fake investment.
191,304120024202600001,202600001,2026-06-08,70,24,3,2,2,3,4,12,2026-06-05 00:00:00,2026-06-06 00:00:00,2026-06-08 00:00:00,12.603858797755278,76.96043262658138,Chain Snatching reported under rural limits of Mandya. Modus operandi: crowded market.
192,104120024202600003,202600003,2026-04-21,70,24,1,1,3,16,4,12,2026-04-21 00:00:00,2026-04-22 00:00:00,2026-04-21 00:00:00,12.586643176698312,76.89281055660881,Counterfeiting reported under rural limits of Mandya. Modus operandi: fake currency.
193,104030006202600004,202600004,2026-04-20,16,6,1,2,3,10,3,3,2026-04-20 00:00:00,2026-04-21 00:00:00,2026-04-20 00:00:00,12.856740048600733,74.9243466805145,Cheating & Fraud reported under rural limits of Dakshina Kannada. Modus operandi: fake investment.
194,104040008202600007,202600007,2026-05-08,23,8,1,1,1,13,2,,2026-05-06 00:00:00,2026-05-07 00:00:00,2026-05-08 00:00:00,15.290926275856606,75.07862730177678,Kidnapping reported under rural limits of Hubballi-Dharwad. Modus operandi: personal enmity.
195,104060012202500003,202500003,2025-07-21,34,12,1,1,1,13,2,,2025-07-21 00:00:00,2025-07-22 00:00:00,2025-07-21 00:00:00,17.347777742713504,76.9060950364668,Kidnapping reported under rural limits of Kalaburagi. Modus operandi: personal enmity.
196,304110022202600001,202600001,2026-02-22,65,22,3,1,5,14,2,,2026-02-19 00:00:00,2026-02-20 00:00:00,2026-02-22 00:00:00,13.251472344637476,74.73537506782486,Extortion reported under rural limits of Udupi. Modus operandi: gang operation.
197,104080016202500005,202500005,2025-06-04,48,16,1,2,3,10,3,8,2025-06-03 00:00:00,2025-06-04 00:00:00,2025-06-04 00:00:00,16.882260084166006,75.72894877181854,Cheating & Fraud reported under rural limits of Vijayapura. Modus operandi: fake investment.
198,104080016202600003,202600003,2026-07-09,48,16,1,2,4,11,2,,2026-07-06 00:00:00,2026-07-07 00:00:00,2026-07-09 00:00:00,16.78192878907528,75.62185451271478,Cybercrime reported under rural limits of Vijayapura. Modus operandi: impersonation.
199,104100020202500003,202500003,2025-04-02,60,20,1,1,1,7,3,10,2025-04-02 00:00:00,2025-04-03 00:00:00,2025-04-02 00:00:00,13.37562497403901,77.07334515631217,Murder reported under rural limits of Tumakuru. Modus operandi: premeditated.
200,804090018202500001,202500001,2025-04-05,52,18,8,2,2,3,2,,2025-04-02 00:00:00,2025-04-03 00:00:00,2025-04-05 00:00:00,13.844633401536942,75.58445334429331,Chain Snatching reported under rural limits of Shivamogga. Modus operandi: crowded market.
201,104110021202600004,202600004,2026-07-15,63,21,1,2,2,4,3,11,2026-07-14 00:00:00,2026-07-15 00:00:00,2026-07-15 00:00:00,13.260821568594872,74.6836600959491,Vehicle Theft reported under city limits of Udupi. Modus operandi: vehicle lifting.
202,104100020202500004,202500004,2025-11-18,60,20,1,1,6,12,3,10,2025-11-18 00:00:00,2025-11-19 00:00:00,2025-11-18 00:00:00,13.2672897631485,77.05662241345756,Drug Trafficking reported under rural limits of Tumakuru. Modus operandi: drug courier.
203,104070014202600002,202600002,2026-04-12,41,14,1,1,3,16,2,,2026-04-09 00:00:00,2026-04-10 00:00:00,2026-04-12 00:00:00,15.086530234339275,76.99985418570564,Counterfeiting reported under rural limits of Ballari. Modus operandi: syndicate.
204,104090017202600008,202600008,2026-03-22,51,17,1,2,2,3,2,,2026-03-19 00:00:00,2026-03-20 00:00:00,2026-03-22 00:00:00,13.937902948737703,75.50550720721428,Chain Snatching reported under city limits of Shivamogga. Modus operandi: crowded market.
205,104050009202600006,202600006,2026-05-02,25,9,1,1,2,5,2,,2026-04-30 00:00:00,2026-05-01 00:00:00,2026-05-02 00:00:00,15.911875034289249,74.5426545141356,Robbery reported under city limits of Belagavi. Modus operandi: armed robbery.
206,104020003202500006,202500006,2025-09-23,9,3,1,2,4,11,2,,2025-09-21 00:00:00,2025-09-22 00:00:00,2025-09-23 00:00:00,12.263030735938065,76.64276322414688,Cybercrime reported under city limits of Mysuru. Modus operandi: fake upi link.
207,104040007202600006,202600006,2026-06-05,20,7,1,1,5,14,4,4,2026-06-04 00:00:00,2026-06-05 00:00:00,2026-06-05 00:00:00,15.41698535037022,75.16531996757351,Extortion reported under city limits of Hubballi-Dharwad. Modus operandi: gang operation.
208,804010001202500001,202500001,2025-09-01,1,1,8,2,3,10,4,1,2025-08-30 00:00:00,2025-08-31 00:00:00,2025-09-01 00:00:00,13.052559611372091,77.63382927788925,Cheating & Fraud reported under city limits of Bengaluru Urban. Modus operandi: fake investment.
209,104010002202600004,202600004,2026-06-10,5,2,1,2,2,2,3,1,2026-06-08 00:00:00,2026-06-09 00:00:00,2026-06-10 00:00:00,12.98843809854556,77.53749695900399,House Theft reported under rural limits of Bengaluru Urban. Modus operandi: lock breaking.
210,104030005202600010,202600010,2026-05-03,15,5,1,1,5,14,4,3,2026-05-02 00:00:00,2026-05-03 00:00:00,2026-05-03 00:00:00,12.983408790145441,74.89546393957826,Extortion reported under city limits of Dakshina Kannada. Modus operandi: gang operation.
211,104080016202500006,202500006,2025-05-29,46,16,1,2,3,10,2,,2025-05-29 00:00:00,2025-05-30 00:00:00,2025-05-29 00:00:00,16.810621599354597,75.72491086624096,Cheating & Fraud reported under rural limits of Vijayapura. Modus operandi: fake investment.
212,104050010202600005,202600005,2026-07-13,29,10,1,1,1,7,2,,2026-07-10 00:00:00,2026-07-11 00:00:00,2026-07-13 00:00:00,15.851172713672556,74.47038649982288,Murder reported under rural limits of Belagavi. Modus operandi: personal enmity.
213,804020003202500001,202500001,2025-04-08,8,3,8,2,2,2,4,2,2025-04-06 00:00:00,2025-04-07 00:00:00,2025-04-08 00:00:00,12.361227536135539,76.5633375575492,House Theft reported under city limits of Mysuru. Modus operandi: insider info.
214,104070013202500005,202500005,2025-05-16,37,13,1,2,1,9,2,,2025-05-16 00:00:00,2025-05-17 00:00:00,2025-05-16 00:00:00,15.208924048818275,76.97597063913811,Assault reported under city limits of Ballari. Modus operandi: street fight.
215,104010002202500001,202500001,2025-07-27,4,2,1,2,2,4,2,,2025-07-24 00:00:00,2025-07-25 00:00:00,2025-07-27 00:00:00,12.967884319171683,77.54987647150215,Vehicle Theft reported under rural limits of Bengaluru Urban. Modus operandi: duplicate key.
216,104110021202500007,202500007,2025-02-09,63,21,1,1,1,7,2,,2025-02-06 00:00:00,2025-02-07 00:00:00,2025-02-09 00:00:00,13.397775630114227,74.75092198384962,Murder reported under city limits of Udupi. Modus operandi: personal enmity.
217,104070014202600003,202600003,2026-06-30,42,14,1,2,2,4,2,,2026-06-30 00:00:00,2026-07-01 00:00:00,2026-06-30 00:00:00,15.102443932681904,76.9619309601687,Vehicle Theft reported under rural limits of Ballari. Modus operandi: vehicle lifting.
218,104120023202500002,202500002,2025-11-15,68,23,1,2,2,4,1,,2025-11-12 00:00:00,2025-11-13 00:00:00,2025-11-15 00:00:00,12.593999258806184,76.91136640756353,Vehicle Theft reported under city limits of Mandya. Modus operandi: duplicate key.
219,104070014202600004,202600004,2026-03-19,42,14,1,2,3,10,3,7,2026-03-19 00:00:00,2026-03-20 00:00:00,2026-03-19 00:00:00,15.116749320496433,76.8476290151883,Cheating & Fraud reported under rural limits of Ballari. Modus operandi: impersonation.
220,104100020202600004,202600004,2026-01-24,58,20,1,2,4,11,2,,2026-01-23 00:00:00,2026-01-24 00:00:00,2026-01-24 00:00:00,13.3398512597844,77.06202832538654,Cybercrime reported under rural limits of Tumakuru. Modus operandi: fake upi link.
221,104090018202600001,202600001,2026-06-30,54,18,1,2,2,1,2,,2026-06-27 00:00:00,2026-06-28 00:00:00,2026-06-30 00:00:00,13.917673173842578,75.51487060241345,Burglary reported under rural limits of Shivamogga. Modus operandi: night break in.
222,104010001202500005,202500005,2025-07-19,2,1,1,2,2,1,3,1,2025-07-16 00:00:00,2025-07-17 00:00:00,2025-07-19 00:00:00,12.906242863762566,77.61743245641273,Burglary reported under city limits of Bengaluru Urban. Modus operandi: lock breaking.
223,104060012202500004,202500004,2025-09-16,36,12,1,2,3,10,4,6,2025-09-13 00:00:00,2025-09-14 00:00:00,2025-09-16 00:00:00,17.29878537119627,76.88775106552355,Cheating & Fraud reported under rural limits of Kalaburagi. Modus operandi: impersonation.
224,804050010202500001,202500001,2025-05-18,30,10,8,2,4,11,3,5,2025-05-15 00:00:00,2025-05-16 00:00:00,2025-05-18 00:00:00,15.86572786468342,74.49551367531511,Cybercrime reported under rural limits of Belagavi. Modus operandi: fake upi link.
225,104120024202600004,202600004,2026-06-25,71,24,1,1,5,14,2,,2026-06-25 00:00:00,2026-06-26 00:00:00,2026-06-25 00:00:00,12.528282471867463,76.92944591378756,Extortion reported under rural limits of Mandya. Modus operandi: threat call.
226,104070014202600005,202600005,2026-06-05,41,14,1,1,1,7,2,,2026-06-02 00:00:00,2026-06-03 00:00:00,2026-06-05 00:00:00,15.067628503018618,76.87489482849706,Murder reported under rural limits of Ballari. Modus operandi: premeditated.
227,104040008202500002,202500002,2025-05-03,22,8,1,2,2,4,2,,2025-05-01 00:00:00,2025-05-02 00:00:00,2025-05-03 00:00:00,15.329015146869047,75.12519025967083,Vehicle Theft reported under rural limits of Hubballi-Dharwad. Modus operandi: duplicate key.
228,104090018202600002,202600002,2026-05-07,54,18,1,2,5,15,2,,2026-05-05 00:00:00,2026-05-06 00:00:00,2026-05-07 00:00:00,13.928997382393666,75.6504569015367,Rioting reported under rural limits of Shivamogga. Modus operandi: communal.
229,804090017202600001,202600001,2026-04-21,51,17,8,2,3,10,2,,2026-04-20 00:00:00,2026-04-21 00:00:00,2026-04-21 00:00:00,13.982165993789769,75.5224140089931,Cheating & Fraud reported under city limits of Shivamogga. Modus operandi: fake investment.
230,104120024202500003,202500003,2025-08-08,71,24,1,2,2,1,2,,2025-08-06 00:00:00,2025-08-07 00:00:00,2025-08-08 00:00:00,12.515729176406934,76.95825861298441,Burglary reported under rural limits of Mandya. Modus operandi: night break in.
231,104110022202600003,202600003,2026-02-03,64,22,1,2,2,3,2,,2026-02-01 00:00:00,2026-02-02 00:00:00,2026-02-03 00:00:00,13.304892379433475,74.78471000055819,Chain Snatching reported under rural limits of Udupi. Modus operandi: two wheeler getaway.
232,104090018202600003,202600003,2026-02-26,53,18,1,2,4,11,1,,2026-02-26 00:00:00,2026-02-27 00:00:00,2026-02-26 00:00:00,13.974584401815758,75.64145319157224,Cybercrime reported under rural limits of Shivamogga. Modus operandi: fake upi link.
233,104100020202500005,202500005,2025-03-22,60,20,1,1,1,8,1,,2025-03-21 00:00:00,2025-03-22 00:00:00,2025-03-22 00:00:00,13.32538822086025,77.15476220112312,Attempt to Murder reported under rural limits of Tumakuru. Modus operandi: personal enmity.
234,104080015202600008,202600008,2026-04-20,45,15,1,2,2,3,2,,2026-04-17 00:00:00,2026-04-18 00:00:00,2026-04-20 00:00:00,16.83830210552067,75.7472242345754,Chain Snatching reported under city limits of Vijayapura. Modus operandi: crowded market.
235,104070014202600006,202600006,2026-02-27,41,14,1,2,2,1,2,,2026-02-25 00:00:00,2026-02-26 00:00:00,2026-02-27 00:00:00,15.208884660411254,76.85393085227683,Burglary reported under rural limits of Ballari. Modus operandi: cctv blindspot.
236,104060011202600005,202600005,2026-04-02,33,11,1,1,1,13,3,6,2026-04-01 00:00:00,2026-04-02 00:00:00,2026-04-02 00:00:00,17.351578812001087,76.81654585230928,Kidnapping reported under city limits of Kalaburagi. Modus operandi: personal enmity.
237,104110022202500006,202500006,2025-06-28,65,22,1,2,1,9,2,,2025-06-28 00:00:00,2025-06-29 00:00:00,2025-06-28 00:00:00,13.422209939343482,74.75846020932346,Assault reported under rural limits of Udupi. Modus operandi: personal enmity.
238,304120023202500002,202500002,2025-07-13,67,23,3,2,2,4,1,,2025-07-11 00:00:00,2025-07-12 00:00:00,2025-07-13 00:00:00,12.514012755421176,76.82763409497645,Vehicle Theft reported under city limits of Mandya. Modus operandi: vehicle lifting.
239,104020003202600007,202600007,2026-04-13,7,3,1,2,1,9,2,,2026-04-12 00:00:00,2026-04-13 00:00:00,2026-04-13 00:00:00,12.322835520267672,76.59337813121321,Assault reported under city limits of Mysuru. Modus operandi: personal enmity.
240,104020003202500007,202500007,2025-07-09,9,3,1,1,1,7,2,,2025-07-07 00:00:00,2025-07-08 00:00:00,2025-07-09 00:00:00,12.302107267555966,76.68975288059153,Murder reported under city limits of Mysuru. Modus operandi: personal enmity.
241,104120024202500004,202500004,2025-12-18,72,24,1,2,4,11,2,,2025-12-18 00:00:00,2025-12-19 00:00:00,2025-12-18 00:00:00,12.588969041169808,76.8267131550746,Cybercrime reported under rural limits of Mandya. Modus operandi: impersonation.
242,104080016202600004,202600004,2026-03-05,47,16,1,2,2,4,3,8,2026-03-05 00:00:00,2026-03-06 00:00:00,2026-03-05 00:00:00,16.847758624502273,75.67932163504418,Vehicle Theft reported under rural limits of Vijayapura. Modus operandi: vehicle lifting.
243,104010002202600005,202600005,2026-01-30,5,2,1,1,2,6,2,,2026-01-28 00:00:00,2026-01-29 00:00:00,2026-01-30 00:00:00,12.947158690037579,77.55997413344718,Dacoity reported under rural limits of Bengaluru Urban. Modus operandi: gang operation.
244,104100020202600005,202600005,2026-05-31,60,20,1,2,4,11,3,10,2026-05-29 00:00:00,2026-05-30 00:00:00,2026-05-31 00:00:00,13.298405409771576,77.08719578317385,Cybercrime reported under rural limits of Tumakuru. Modus operandi: impersonation.
245,104010002202500002,202500002,2025-04-30,5,2,1,1,2,5,1,,2025-04-27 00:00:00,2025-04-28 00:00:00,2025-04-30 00:00:00,13.050776726001315,77.64881078517567,Robbery reported under rural limits of Bengaluru Urban. Modus operandi: armed robbery.
246,104010001202600005,202600005,2026-06-08,2,1,1,2,4,11,3,1,2026-06-05 00:00:00,2026-06-06 00:00:00,2026-06-08 00:00:00,12.98768280546032,77.64827875116411,Cybercrime reported under city limits of Bengaluru Urban. Modus operandi: otp fraud.
247,104060012202600010,202600010,2026-04-01,34,12,1,2,2,2,1,,2026-04-01 00:00:00,2026-04-02 00:00:00,2026-04-01 00:00:00,17.26385514177177,76.79139793898277,House Theft reported under rural limits of Kalaburagi. Modus operandi: lock breaking.
248,104040007202600007,202600007,2026-07-15,20,7,1,2,1,9,3,4,2026-07-13 00:00:00,2026-07-14 00:00:00,2026-07-15 00:00:00,15.340791545810923,75.21331758177932,Assault reported under city limits of Hubballi-Dharwad. Modus operandi: personal enmity.
249,104080015202500005,202500005,2025-03-24,44,15,1,2,4,11,2,,2025-03-22 00:00:00,2025-03-23 00:00:00,2025-03-24 00:00:00,16.87122543809917,75.74828359909355,Cybercrime reported under city limits of Vijayapura. Modus operandi: otp fraud.
250,104070013202500006,202500006,2025-10-09,39,13,1,2,2,3,2,,2025-10-09 00:00:00,2025-10-10 00:00:00,2025-10-09 00:00:00,15.163932516887412,76.91097340065856,Chain Snatching reported under city limits of Ballari. Modus operandi: two wheeler getaway.
251,804030006202500002,202500002,2025-08-11,18,6,8,1,2,5,3,3,2025-08-10 00:00:00,2025-08-11 00:00:00,2025-08-11 00:00:00,13.000643396171181,74.79528980550728,Robbery reported under rural limits of Dakshina Kannada. Modus operandi: armed robbery.
252,104120024202500005,202500005,2025-03-05,72,24,1,2,2,1,2,,2025-03-02 00:00:00,2025-03-03 00:00:00,2025-03-05 00:00:00,12.504394012373126,76.94900253669786,Burglary reported under rural limits of Mandya. Modus operandi: lock breaking.
253,804100019202600001,202600001,2026-07-08,56,19,8,2,2,1,2,,2026-07-08 00:00:00,2026-07-09 00:00:00,2026-07-08 00:00:00,13.258370465612597,77.1503648215348,Burglary reported under city limits of Tumakuru. Modus operandi: cctv blindspot.
254,104110022202600004,202600004,2026-03-26,65,22,1,1,2,5,3,11,2026-03-24 00:00:00,2026-03-25 00:00:00,2026-03-26 00:00:00,13.405085366751626,74.81988202902991,Robbery reported under rural limits of Udupi. Modus operandi: armed robbery.
255,104050010202500004,202500004,2025-08-08,29,10,1,2,2,2,3,5,2025-08-05 00:00:00,2025-08-06 00:00:00,2025-08-08 00:00:00,15.889291623037122,74.43486679843141,House Theft reported under rural limits of Belagavi. Modus operandi: lock breaking.
256,104120023202500003,202500003,2025-05-23,68,23,1,2,2,1,2,,2025-05-21 00:00:00,2025-05-22 00:00:00,2025-05-23 00:00:00,12.5816299035402,76.85204919510483,Burglary reported under city limits of Mandya. Modus operandi: night break in.
257,104080015202600009,202600009,2026-07-12,44,15,1,2,3,10,3,8,2026-07-09 00:00:00,2026-07-10 00:00:00,2026-07-12 00:00:00,16.79399133579787,75.68988492512143,Cheating & Fraud reported under city limits of Vijayapura. Modus operandi: fake investment.
258,104090017202600009,202600009,2026-06-07,50,17,1,1,1,7,2,,2026-06-06 00:00:00,2026-06-07 00:00:00,2026-06-07 00:00:00,13.884288092318549,75.63529428395387,Murder reported under city limits of Shivamogga. Modus operandi: premeditated.
259,104110022202600005,202600005,2026-02-20,66,22,1,2,2,2,2,,2026-02-20 00:00:00,2026-02-21 00:00:00,2026-02-20 00:00:00,13.29405403980203,74.66624316366426,House Theft reported under rural limits of Udupi. Modus operandi: lock breaking.
260,104020003202500008,202500008,2025-10-28,7,3,1,2,2,1,2,,2025-10-26 00:00:00,2025-10-27 00:00:00,2025-10-28 00:00:00,12.297520193387008,76.70102033988628,Burglary reported under city limits of Mysuru. Modus operandi: cctv blindspot.
261,104030006202600005,202600005,2026-04-11,16,6,1,2,1,9,2,,2026-04-09 00:00:00,2026-04-10 00:00:00,2026-04-11 00:00:00,12.897457528243214,74.88628633919544,Assault reported under rural limits of Dakshina Kannada. Modus operandi: street fight.
262,104050010202500005,202500005,2025-08-15,29,10,1,2,4,11,2,,2025-08-14 00:00:00,2025-08-15 00:00:00,2025-08-15 00:00:00,15.823180616374874,74.46364080617651,Cybercrime reported under rural limits of Belagavi. Modus operandi: impersonation.
263,104110021202600005,202600005,2026-04-11,61,21,1,2,3,10,4,11,2026-04-10 00:00:00,2026-04-11 00:00:00,2026-04-11 00:00:00,13.370309358729608,74.69440181009043,Cheating & Fraud reported under city limits of Udupi. Modus operandi: impersonation.
264,104040007202600008,202600008,2026-05-02,21,7,1,2,2,3,3,4,2026-05-01 00:00:00,2026-05-02 00:00:00,2026-05-02 00:00:00,15.44902223541662,75.15084508217032,Chain Snatching reported under city limits of Hubballi-Dharwad. Modus operandi: crowded market.
265,104040008202600008,202600008,2026-06-13,24,8,1,2,4,11,3,4,2026-06-11 00:00:00,2026-06-12 00:00:00,2026-06-13 00:00:00,15.42733191867154,75.12436458814516,Cybercrime reported under rural limits of Hubballi-Dharwad. Modus operandi: impersonation.
266,104020003202500009,202500009,2025-03-24,9,3,1,2,2,2,1,,2025-03-24 00:00:00,2025-03-25 00:00:00,2025-03-24 00:00:00,12.264985669217259,76.67094136164113,House Theft reported under city limits of Mysuru. Modus operandi: lock breaking.
267,104050009202600007,202600007,2026-05-06,25,9,1,2,3,10,2,,2026-05-05 00:00:00,2026-05-06 00:00:00,2026-05-06 00:00:00,15.891600971597061,74.4560408822678,Cheating & Fraud reported under city limits of Belagavi. Modus operandi: impersonation.
268,104110022202600006,202600006,2026-06-30,64,22,1,2,2,1,3,11,2026-06-28 00:00:00,2026-06-29 00:00:00,2026-06-30 00:00:00,13.337228962612897,74.77286402989216,Burglary reported under rural limits of Udupi. Modus operandi: night break in.
269,104090017202600010,202600010,2026-03-22,50,17,1,1,1,7,1,,2026-03-21 00:00:00,2026-03-22 00:00:00,2026-03-22 00:00:00,13.856517897651159,75.64458102388252,Murder reported under city limits of Shivamogga. Modus operandi: personal enmity.
270,104090018202600004,202600004,2026-04-21,53,18,1,2,1,9,2,,2026-04-19 00:00:00,2026-04-20 00:00:00,2026-04-21 00:00:00,13.962438417354226,75.4992089188978,Assault reported under rural limits of Shivamogga. Modus operandi: street fight.
271,104080016202600005,202600005,2026-05-13,48,16,1,2,2,4,2,,2026-05-13 00:00:00,2026-05-14 00:00:00,2026-05-13 00:00:00,16.908353440463358,75.67346645193174,Vehicle Theft reported under rural limits of Vijayapura. Modus operandi: duplicate key.
272,104120024202500006,202500006,2025-12-19,70,24,1,2,1,9,3,12,2025-12-16 00:00:00,2025-12-17 00:00:00,2025-12-19 00:00:00,12.44762974657137,76.87477938605434,Assault reported under rural limits of Mandya. Modus operandi: street fight.
273,104020003202600008,202600008,2026-04-17,7,3,1,2,4,11,1,,2026-04-17 00:00:00,2026-04-18 00:00:00,2026-04-17 00:00:00,12.344092980529368,76.6422485116735,Cybercrime reported under city limits of Mysuru. Modus operandi: otp fraud.
274,104080015202600010,202600010,2026-02-03,43,15,1,1,2,5,3,8,2026-01-31 00:00:00,2026-02-01 00:00:00,2026-02-03 00:00:00,16.762777837831344,75.70160477018915,Robbery reported under city limits of Vijayapura. Modus operandi: armed robbery.
275,104110022202500007,202500007,2025-09-24,64,22,1,2,2,4,3,11,2025-09-21 00:00:00,2025-09-22 00:00:00,2025-09-24 00:00:00,13.424377602140046,74.66831390873566,Vehicle Theft reported under rural limits of Udupi. Modus operandi: vehicle lifting.
276,104110022202600007,202600007,2026-01-17,66,22,1,1,1,8,3,11,2026-01-16 00:00:00,2026-01-17 00:00:00,2026-01-17 00:00:00,13.374756116821988,74.8000726592172,Attempt to Murder reported under rural limits of Udupi. Modus operandi: gang rivalry.
277,104030005202500004,202500004,2025-07-22,13,5,1,2,4,11,4,3,2025-07-19 00:00:00,2025-07-20 00:00:00,2025-07-22 00:00:00,12.84229529919885,74.81562306744418,Cybercrime reported under city limits of Dakshina Kannada. Modus operandi: impersonation.
278,104090017202600011,202600011,2026-02-14,50,17,1,2,2,3,3,9,2026-02-12 00:00:00,2026-02-13 00:00:00,2026-02-14 00:00:00,13.865980332580023,75.58840068219173,Chain Snatching reported under city limits of Shivamogga. Modus operandi: crowded market.
279,104020004202600003,202600003,2026-05-23,11,4,1,2,2,1,2,,2026-05-21 00:00:00,2026-05-22 00:00:00,2026-05-23 00:00:00,12.301510449689069,76.6456723641796,Burglary reported under rural limits of Mysuru. Modus operandi: night break in.
280,104120023202500004,202500004,2025-11-18,68,23,1,1,1,8,3,12,2025-11-18 00:00:00,2025-11-19 00:00:00,2025-11-18 00:00:00,12.574228333640098,76.82373035449963,Attempt to Murder reported under city limits of Mandya. Modus operandi: gang rivalry.
281,104100020202600006,202600006,2026-01-16,58,20,1,1,2,5,2,,2026-01-16 00:00:00,2026-01-17 00:00:00,2026-01-16 00:00:00,13.388539860820956,77.12712316626701,Robbery reported under rural limits of Tumakuru. Modus operandi: armed robbery.
282,104080016202600006,202600006,2026-05-07,47,16,1,2,2,2,3,8,2026-05-06 00:00:00,2026-05-07 00:00:00,2026-05-07 00:00:00,16.776568774645963,75.68038342557847,House Theft reported under rural limits of Vijayapura. Modus operandi: lock breaking.
283,104080015202600011,202600011,2026-06-16,43,15,1,2,5,15,2,,2026-06-15 00:00:00,2026-06-16 00:00:00,2026-06-16 00:00:00,16.795874607786352,75.7473831430124,Rioting reported under city limits of Vijayapura. Modus operandi: communal.
284,104010002202500003,202500003,2025-02-21,6,2,1,1,2,6,2,,2025-02-19 00:00:00,2025-02-20 00:00:00,2025-02-21 00:00:00,13.026923699032888,77.62670470834748,Dacoity reported under rural limits of Bengaluru Urban. Modus operandi: gang operation.
285,104020003202500010,202500010,2025-06-03,8,3,1,1,2,5,2,,2025-06-02 00:00:00,2025-06-03 00:00:00,2025-06-03 00:00:00,12.27330541039277,76.70072715407292,Robbery reported under city limits of Mysuru. Modus operandi: armed robbery.
286,104110022202500008,202500008,2025-05-17,66,22,1,2,2,3,3,11,2025-05-17 00:00:00,2025-05-18 00:00:00,2025-05-17 00:00:00,13.280991503951698,74.82528586907814,Chain Snatching reported under rural limits of Udupi. Modus operandi: crowded market.
287,104120023202500005,202500005,2025-02-09,67,23,1,2,2,4,2,,2025-02-08 00:00:00,2025-02-09 00:00:00,2025-02-09 00:00:00,12.50852278700117,76.88672769908756,Vehicle Theft reported under city limits of Mandya. Modus operandi: duplicate key.
288,104080015202600012,202600012,2026-05-09,43,15,1,2,3,10,2,,2026-05-08 00:00:00,2026-05-09 00:00:00,2026-05-09 00:00:00,16.75394287896324,75.79934840291737,Cheating & Fraud reported under city limits of Vijayapura. Modus operandi: fake investment.
289,104040008202500003,202500003,2025-03-03,24,8,1,2,3,10,2,,2025-03-02 00:00:00,2025-03-03 00:00:00,2025-03-03 00:00:00,15.328159168057887,75.13074608600326,Cheating & Fraud reported under rural limits of Hubballi-Dharwad. Modus operandi: impersonation.
290,104010001202500006,202500006,2025-12-17,1,1,1,2,2,4,2,,2025-12-14 00:00:00,2025-12-15 00:00:00,2025-12-17 00:00:00,12.930011423778161,77.6027708994042,Vehicle Theft reported under city limits of Bengaluru Urban. Modus operandi: duplicate key.
291,104110022202600008,202600008,2026-01-24,65,22,1,2,2,1,2,,2026-01-21 00:00:00,2026-01-22 00:00:00,2026-01-24 00:00:00,13.419156937772966,74.67118053864725,Burglary reported under rural limits of Udupi. Modus operandi: lock breaking.
292,104010001202600006,202600006,2026-04-25,1,1,1,2,2,1,3,1,2026-04-23 00:00:00,2026-04-24 00:00:00,2026-04-25 00:00:00,13.005516896139271,77.66692721527572,Burglary reported under city limits of Bengaluru Urban. Modus operandi: cctv blindspot.
293,804010001202500002,202500002,2025-12-14,3,1,8,1,2,5,2,,2025-12-11 00:00:00,2025-12-12 00:00:00,2025-12-14 00:00:00,12.947333094350435,77.52604800103735,Robbery reported under city limits of Bengaluru Urban. Modus operandi: two wheeler getaway.
294,104050009202600008,202600008,2026-03-26,27,9,1,2,2,3,1,,2026-03-26 00:00:00,2026-03-27 00:00:00,2026-03-26 00:00:00,15.89584694446791,74.5302701502338,Chain Snatching reported under city limits of Belagavi. Modus operandi: crowded market.
295,104100019202600007,202600007,2026-07-04,55,19,1,2,5,15,2,,2026-07-01 00:00:00,2026-07-02 00:00:00,2026-07-04 00:00:00,13.25778366734702,77.17511235850417,Rioting reported under city limits of Tumakuru. Modus operandi: mob.
296,104020003202600009,202600009,2026-05-25,9,3,1,2,2,4,1,,2026-05-23 00:00:00,2026-05-24 00:00:00,2026-05-25 00:00:00,12.26536637354102,76.67878887167255,Vehicle Theft reported under city limits of Mysuru. Modus operandi: duplicate key.
297,104060012202500005,202500005,2025-06-09,35,12,1,2,1,9,4,6,2025-06-06 00:00:00,2025-06-07 00:00:00,2025-06-09 00:00:00,17.387694687026364,76.91596612081695,Assault reported under rural limits of Kalaburagi. Modus operandi: personal enmity.
298,104120023202600005,202600005,2026-05-27,67,23,1,1,6,12,2,,2026-05-24 00:00:00,2026-05-25 00:00:00,2026-05-27 00:00:00,12.494065375225805,76.98426961821467,Drug Trafficking reported under city limits of Mandya. Modus operandi: drug courier.
299,104060011202600006,202600006,2026-04-22,33,11,1,1,1,13,2,,2026-04-20 00:00:00,2026-04-21 00:00:00,2026-04-22 00:00:00,17.264179863070883,76.92414229838941,Kidnapping reported under city limits of Kalaburagi. Modus operandi: ransom.
300,104070014202500002,202500002,2025-10-26,40,14,1,2,1,9,3,7,2025-10-23 00:00:00,2025-10-24 00:00:00,2025-10-26 00:00:00,15.068045285735838,76.91988454775755,Assault reported under rural limits of Ballari. Modus operandi: street fight.
301,104070014202500003,202500003,2025-12-01,41,14,1,2,3,10,2,,2025-11-29 00:00:00,2025-11-30 00:00:00,2025-12-01 00:00:00,15.159555102531426,76.87997109107077,Cheating & Fraud reported under rural limits of Ballari. Modus operandi: impersonation.
302,104080016202600007,202600007,2026-07-14,47,16,1,2,2,4,1,,2026-07-13 00:00:00,2026-07-14 00:00:00,2026-07-14 00:00:00,16.75301984572299,75.71546229715923,Vehicle Theft reported under rural limits of Vijayapura. Modus operandi: vehicle lifting.
303,104050009202600009,202600009,2026-02-26,27,9,1,2,2,2,2,,2026-02-25 00:00:00,2026-02-26 00:00:00,2026-02-26 00:00:00,15.827259823445045,74.4799527127713,House Theft reported under city limits of Belagavi. Modus operandi: lock breaking.
304,104080015202600013,202600013,2026-04-03,45,15,1,2,4,11,2,,2026-04-03 00:00:00,2026-04-04 00:00:00,2026-04-03 00:00:00,16.881127028260195,75.70275826461148,Cybercrime reported under city limits of Vijayapura. Modus operandi: fake upi link.
305,104050010202600006,202600006,2026-05-27,30,10,1,2,2,1,3,5,2026-05-24 00:00:00,2026-05-25 00:00:00,2026-05-27 00:00:00,15.765511235453003,74.43693529472202,Burglary reported under rural limits of Belagavi. Modus operandi: lock breaking.
306,104040007202500006,202500006,2025-07-23,20,7,1,2,3,10,2,,2025-07-20 00:00:00,2025-07-21 00:00:00,2025-07-23 00:00:00,15.339851505856775,75.2025005253926,Cheating & Fraud reported under city limits of Hubballi-Dharwad. Modus operandi: fake investment.
307,104050009202600010,202600010,2026-07-13,27,9,1,2,2,4,2,,2026-07-13 00:00:00,2026-07-14 00:00:00,2026-07-13 00:00:00,15.794449444345943,74.54074037075955,Vehicle Theft reported under city limits of Belagavi. Modus operandi: duplicate key.
308,104110021202600006,202600006,2026-05-16,61,21,1,2,3,10,2,,2026-05-16 00:00:00,2026-05-17 00:00:00,2026-05-16 00:00:00,13.387338114098272,74.70149508420414,Cheating & Fraud reported under city limits of Udupi. Modus operandi: impersonation.
309,104100019202600008,202600008,2026-06-04,56,19,1,2,1,9,2,,2026-06-01 00:00:00,2026-06-02 00:00:00,2026-06-04 00:00:00,13.39018637631517,77.07274722310733,Assault reported under city limits of Tumakuru. Modus operandi: street fight.
310,104110022202500009,202500009,2025-12-08,64,22,1,2,5,15,2,,2025-12-07 00:00:00,2025-12-08 00:00:00,2025-12-08 00:00:00,13.31918313571401,74.81789298924188,Rioting reported under rural limits of Udupi. Modus operandi: mob.
311,104040007202500007,202500007,2025-06-11,20,7,1,1,2,5,4,4,2025-06-09 00:00:00,2025-06-10 00:00:00,2025-06-11 00:00:00,15.311769110106676,75.17008608740846,Robbery reported under city limits of Hubballi-Dharwad. Modus operandi: two wheeler getaway.
312,104040008202500004,202500004,2025-03-18,24,8,1,2,2,4,4,4,2025-03-15 00:00:00,2025-03-16 00:00:00,2025-03-18 00:00:00,15.37743887905292,75.15788947038445,Vehicle Theft reported under rural limits of Hubballi-Dharwad. Modus operandi: vehicle lifting.
313,104010001202500007,202500007,2025-06-19,2,1,1,1,1,13,3,1,2025-06-16 00:00:00,2025-06-17 00:00:00,2025-06-19 00:00:00,12.902362856686489,77.67783492408265,Kidnapping reported under city limits of Bengaluru Urban. Modus operandi: personal enmity.
314,104100019202500003,202500003,2025-06-22,55,19,1,1,2,5,2,,2025-06-22 00:00:00,2025-06-23 00:00:00,2025-06-22 00:00:00,13.390556573085114,77.05705191877223,Robbery reported under city limits of Tumakuru. Modus operandi: armed robbery.
315,104010001202600007,202600007,2026-02-22,2,1,1,1,3,16,4,1,2026-02-22 00:00:00,2026-02-23 00:00:00,2026-02-22 00:00:00,12.91308721986916,77.6072517506782,Counterfeiting reported under city limits of Bengaluru Urban. Modus operandi: fake currency.
316,104110022202500010,202500010,2025-09-17,64,22,1,2,5,15,2,,2025-09-14 00:00:00,2025-09-15 00:00:00,2025-09-17 00:00:00,13.305333257272467,74.82768845348656,Rioting reported under rural limits of Udupi. Modus operandi: mob.
317,304020003202600001,202600001,2026-02-04,9,3,3,1,2,6,1,,2026-02-03 00:00:00,2026-02-04 00:00:00,2026-02-04 00:00:00,12.284224658104778,76.55556665241308,Dacoity reported under city limits of Mysuru. Modus operandi: gang operation.
318,804120023202600001,202600001,2026-01-23,68,23,8,2,2,1,4,12,2026-01-22 00:00:00,2026-01-23 00:00:00,2026-01-23 00:00:00,12.569089122386835,76.81795239448975,Burglary reported under city limits of Mandya. Modus operandi: night break in.
319,304010001202500001,202500001,2025-09-03,1,1,3,2,2,2,3,1,2025-08-31 00:00:00,2025-09-01 00:00:00,2025-09-03 00:00:00,12.897729908277654,77.55992992322463,House Theft reported under city limits of Bengaluru Urban. Modus operandi: insider info.
320,104080016202600008,202600008,2026-03-07,47,16,1,2,2,3,2,,2026-03-04 00:00:00,2026-03-05 00:00:00,2026-03-07 00:00:00,16.74711412568558,75.66430289634968,Chain Snatching reported under rural limits of Vijayapura. Modus operandi: crowded market.
321,104040007202600009,202600009,2026-02-18,21,7,1,2,2,1,2,,2026-02-16 00:00:00,2026-02-17 00:00:00,2026-02-18 00:00:00,15.326518424384108,75.13350473856181,Burglary reported under city limits of Hubballi-Dharwad. Modus operandi: cctv blindspot.
322,104030005202600011,202600011,2026-02-04,15,5,1,1,1,8,3,3,2026-02-04 00:00:00,2026-02-05 00:00:00,2026-02-04 00:00:00,12.903007687026076,74.81382998800277,Attempt to Murder reported under city limits of Dakshina Kannada. Modus operandi: personal enmity.
323,104120023202500006,202500006,2025-09-13,68,23,1,2,5,15,4,12,2025-09-11 00:00:00,2025-09-12 00:00:00,2025-09-13 00:00:00,12.457262046551518,76.87117718772924,Rioting reported under city limits of Mandya. Modus operandi: mob.
324,104080016202600009,202600009,2026-03-16,46,16,1,1,2,5,2,,2026-03-13 00:00:00,2026-03-14 00:00:00,2026-03-16 00:00:00,16.86113160697725,75.75394387768581,Robbery reported under rural limits of Vijayapura. Modus operandi: two wheeler getaway.
325,804070013202600001,202600001,2026-06-10,37,13,8,2,2,1,1,,2026-06-10 00:00:00,2026-06-11 00:00:00,2026-06-10 00:00:00,15.070588502428121,76.85886496313718,Burglary reported under city limits of Ballari. Modus operandi: lock breaking.
326,104110022202500011,202500011,2025-12-14,65,22,1,1,2,5,1,,2025-12-12 00:00:00,2025-12-13 00:00:00,2025-12-14 00:00:00,13.320342794062197,74.65716261025555,Robbery reported under rural limits of Udupi. Modus operandi: armed robbery.
327,104060012202600011,202600011,2026-06-22,36,12,1,2,1,9,3,6,2026-06-21 00:00:00,2026-06-22 00:00:00,2026-06-22 00:00:00,17.39939835367985,76.7577537556069,Assault reported under rural limits of Kalaburagi. Modus operandi: personal enmity.
328,104020003202600010,202600010,2026-05-31,7,3,1,1,1,7,3,2,2026-05-29 00:00:00,2026-05-30 00:00:00,2026-05-31 00:00:00,12.231309935100562,76.71998721711859,Murder reported under city limits of Mysuru. Modus operandi: premeditated.
329,104040008202600009,202600009,2026-03-25,24,8,1,2,1,9,1,,2026-03-25 00:00:00,2026-03-26 00:00:00,2026-03-25 00:00:00,15.336177592261507,75.09885489687416,Assault reported under rural limits of Hubballi-Dharwad. Modus operandi: personal enmity.
330,104070014202500004,202500004,2025-05-06,41,14,1,1,3,16,1,,2025-05-03 00:00:00,2025-05-04 00:00:00,2025-05-06 00:00:00,15.060629173988104,76.94206224623007,Counterfeiting reported under rural limits of Ballari. Modus operandi: syndicate.
331,104070014202600007,202600007,2026-03-30,40,14,1,2,2,4,4,7,2026-03-28 00:00:00,2026-03-29 00:00:00,2026-03-30 00:00:00,15.183134735036269,76.9631989661824,Vehicle Theft reported under rural limits of Ballari. Modus operandi: duplicate key.
332,104020003202600011,202600011,2026-05-27,8,3,1,1,2,5,3,2,2026-05-27 00:00:00,2026-05-28 00:00:00,2026-05-27 00:00:00,12.311541467666812,76.71208189613706,Robbery reported under city limits of Mysuru. Modus operandi: two wheeler getaway.
333,104010001202600008,202600008,2026-05-30,2,1,1,1,6,12,2,,2026-05-27 00:00:00,2026-05-28 00:00:00,2026-05-30 00:00:00,12.993412563240529,77.66140990672204,Drug Trafficking reported under city limits of Bengaluru Urban. Modus operandi: drug courier.
334,104100020202600007,202600007,2026-04-06,59,20,1,1,3,16,4,10,2026-04-03 00:00:00,2026-04-04 00:00:00,2026-04-06 00:00:00,13.252348577845469,77.0279763370242,Counterfeiting reported under rural limits of Tumakuru. Modus operandi: fake currency.
335,104050010202500006,202500006,2025-09-25,28,10,1,2,2,1,2,,2025-09-24 00:00:00,2025-09-25 00:00:00,2025-09-25 00:00:00,15.910528216215596,74.57947675468847,Burglary reported under rural limits of Belagavi. Modus operandi: night break in.
336,104100020202600008,202600008,2026-06-10,59,20,1,1,1,13,1,,2026-06-09 00:00:00,2026-06-10 00:00:00,2026-06-10 00:00:00,13.311256382530182,77.04039587445111,Kidnapping reported under rural limits of Tumakuru. Modus operandi: personal enmity.
337,104080015202600014,202600014,2026-04-04,45,15,1,2,2,4,3,8,2026-04-01 00:00:00,2026-04-02 00:00:00,2026-04-04 00:00:00,16.78100432399642,75.6483463420486,Vehicle Theft reported under city limits of Vijayapura. Modus operandi: duplicate key.
338,104120023202500007,202500007,2025-11-26,68,23,1,2,2,1,4,12,2025-11-25 00:00:00,2025-11-26 00:00:00,2025-11-26 00:00:00,12.482017273958958,76.87846239493656,Burglary reported under city limits of Mandya. Modus operandi: lock breaking.
339,104030005202600012,202600012,2026-06-18,14,5,1,2,2,2,1,,2026-06-15 00:00:00,2026-06-16 00:00:00,2026-06-18 00:00:00,12.977738390782289,74.89578774590883,House Theft reported under city limits of Dakshina Kannada. Modus operandi: insider info.
340,104020003202500011,202500011,2025-05-10,7,3,1,2,3,10,1,,2025-05-07 00:00:00,2025-05-08 00:00:00,2025-05-10 00:00:00,12.298644698661938,76.58697606156636,Cheating & Fraud reported under city limits of Mysuru. Modus operandi: fake investment.
341,104080015202600015,202600015,2026-04-21,44,15,1,1,1,8,4,8,2026-04-20 00:00:00,2026-04-21 00:00:00,2026-04-21 00:00:00,16.870356686315315,75.65375105188693,Attempt to Murder reported under city limits of Vijayapura. Modus operandi: gang rivalry.
342,104030005202500005,202500005,2025-10-22,15,5,1,2,2,2,3,3,2025-10-19 00:00:00,2025-10-20 00:00:00,2025-10-22 00:00:00,12.998333561628497,74.90038259684945,House Theft reported under city limits of Dakshina Kannada. Modus operandi: lock breaking.
343,104060012202500006,202500006,2025-07-07,34,12,1,1,1,8,2,,2025-07-06 00:00:00,2025-07-07 00:00:00,2025-07-07 00:00:00,17.41701332992669,76.92208489449993,Attempt to Murder reported under rural limits of Kalaburagi. Modus operandi: personal enmity.
344,104060011202600007,202600007,2026-04-24,33,11,1,2,2,1,3,6,2026-04-24 00:00:00,2026-04-25 00:00:00,2026-04-24 00:00:00,17.358727013438752,76.86743054399565,Burglary reported under city limits of Kalaburagi. Modus operandi: night break in.
345,104100020202500006,202500006,2025-08-04,58,20,1,2,2,4,2,,2025-08-01 00:00:00,2025-08-02 00:00:00,2025-08-04 00:00:00,13.359249038253537,77.14832399419993,Vehicle Theft reported under rural limits of Tumakuru. Modus operandi: duplicate key.
346,104060011202600008,202600008,2026-01-13,31,11,1,2,1,9,2,,2026-01-11 00:00:00,2026-01-12 00:00:00,2026-01-13 00:00:00,17.357028102835454,76.87944156787191,Assault reported under city limits of Kalaburagi. Modus operandi: personal enmity.
347,804110022202500002,202500002,2025-03-21,64,22,8,2,2,2,4,11,2025-03-18 00:00:00,2025-03-19 00:00:00,2025-03-21 00:00:00,13.274407091491483,74.67409680279474,House Theft reported under rural limits of Udupi. Modus operandi: insider info.
348,104050009202600011,202600011,2026-04-13,27,9,1,2,2,1,2,,2026-04-12 00:00:00,2026-04-13 00:00:00,2026-04-13 00:00:00,15.816239681255817,74.52402826885674,Burglary reported under city limits of Belagavi. Modus operandi: lock breaking.
349,104040007202600010,202600010,2026-03-02,20,7,1,2,2,2,2,,2026-03-02 00:00:00,2026-03-03 00:00:00,2026-03-02 00:00:00,15.338709171561337,75.20170303885452,House Theft reported under city limits of Hubballi-Dharwad. Modus operandi: insider info.
350,804120024202500001,202500001,2025-05-13,70,24,8,1,6,12,2,,2025-05-11 00:00:00,2025-05-12 00:00:00,2025-05-13 00:00:00,12.591334226657823,76.82567688798028,Drug Trafficking reported under rural limits of Mandya. Modus operandi: hostel supply.
351,104040008202600010,202600010,2026-04-07,24,8,1,2,2,3,3,4,2026-04-07 00:00:00,2026-04-08 00:00:00,2026-04-07 00:00:00,15.397293858363106,75.1096454824563,Chain Snatching reported under rural limits of Hubballi-Dharwad. Modus operandi: two wheeler getaway.
352,104090018202600005,202600005,2026-06-08,54,18,1,2,5,15,3,9,2026-06-07 00:00:00,2026-06-08 00:00:00,2026-06-08 00:00:00,13.844960540805571,75.59514930074513,Rioting reported under rural limits of Shivamogga. Modus operandi: mob.
353,104080015202500006,202500006,2025-04-21,45,15,1,1,1,8,4,8,2025-04-21 00:00:00,2025-04-22 00:00:00,2025-04-21 00:00:00,16.806779107036814,75.79447616462595,Attempt to Murder reported under city limits of Vijayapura. Modus operandi: personal enmity.
354,104010001202500008,202500008,2025-11-29,1,1,1,1,3,16,3,1,2025-11-27 00:00:00,2025-11-28 00:00:00,2025-11-29 00:00:00,13.056585766024329,77.54751999875103,Counterfeiting reported under city limits of Bengaluru Urban. Modus operandi: syndicate.
355,104100019202600009,202600009,2026-02-07,56,19,1,2,2,4,2,,2026-02-05 00:00:00,2026-02-06 00:00:00,2026-02-07 00:00:00,13.276953594423457,77.14385892001465,Vehicle Theft reported under city limits of Tumakuru. Modus operandi: duplicate key.
356,104120023202600006,202600006,2026-06-07,67,23,1,2,2,2,2,,2026-06-06 00:00:00,2026-06-07 00:00:00,2026-06-07 00:00:00,12.471958816689625,76.82922852398325,House Theft reported under city limits of Mandya. Modus operandi: lock breaking.
357,104090018202500003,202500003,2025-03-27,54,18,1,1,5,14,2,,2025-03-24 00:00:00,2025-03-25 00:00:00,2025-03-27 00:00:00,14.012305753950589,75.62607841184307,Extortion reported under rural limits of Shivamogga. Modus operandi: gang operation.
358,104020003202500012,202500012,2025-09-20,8,3,1,2,2,1,3,2,2025-09-19 00:00:00,2025-09-20 00:00:00,2025-09-20 00:00:00,12.357621344546041,76.64218381754644,Burglary reported under city limits of Mysuru. Modus operandi: lock breaking.
359,104110022202600009,202600009,2026-03-19,65,22,1,1,5,14,2,,2026-03-17 00:00:00,2026-03-18 00:00:00,2026-03-19 00:00:00,13.364789300827868,74.83100264987013,Extortion reported under rural limits of Udupi. Modus operandi: gang operation.
360,104040008202600011,202600011,2026-03-07,23,8,1,2,4,11,1,,2026-03-05 00:00:00,2026-03-06 00:00:00,2026-03-07 00:00:00,15.338869462970457,75.07808049583434,Cybercrime reported under rural limits of Hubballi-Dharwad. Modus operandi: otp fraud.
361,104050010202600007,202600007,2026-05-15,30,10,1,1,1,8,2,,2026-05-12 00:00:00,2026-05-13 00:00:00,2026-05-15 00:00:00,15.808810482465477,74.5174427653661,Attempt to Murder reported under rural limits of Belagavi. Modus operandi: personal enmity.
362,104080015202500007,202500007,2025-02-15,44,15,1,1,2,5,2,,2025-02-13 00:00:00,2025-02-14 00:00:00,2025-02-15 00:00:00,16.83936011250578,75.75684121537022,Robbery reported under city limits of Vijayapura. Modus operandi: two wheeler getaway.
363,104100019202600010,202600010,2026-06-02,57,19,1,2,2,4,2,,2026-06-02 00:00:00,2026-06-03 00:00:00,2026-06-02 00:00:00,13.405582540416717,77.13281972772926,Vehicle Theft reported under city limits of Tumakuru. Modus operandi: vehicle lifting.
364,104120023202600007,202600007,2026-06-04,68,23,1,1,1,7,3,12,2026-06-03 00:00:00,2026-06-04 00:00:00,2026-06-04 00:00:00,12.484921222869493,76.87057200426199,Murder reported under city limits of Mandya. Modus operandi: premeditated.
365,104080016202500007,202500007,2025-07-07,47,16,1,2,2,4,2,,2025-07-04 00:00:00,2025-07-05 00:00:00,2025-07-07 00:00:00,16.899809905197287,75.63656990786082,Vehicle Theft reported under rural limits of Vijayapura. Modus operandi: vehicle lifting.
366,104010002202500004,202500004,2025-02-04,5,2,1,2,1,9,2,,2025-02-04 00:00:00,2025-02-05 00:00:00,2025-02-04 00:00:00,12.956979638662562,77.506308644256,Assault reported under rural limits of Bengaluru Urban. Modus operandi: street fight.
367,104030005202500006,202500006,2025-06-03,15,5,1,2,2,1,3,3,2025-05-31 00:00:00,2025-06-01 00:00:00,2025-06-03 00:00:00,12.864501456286199,74.87270467142946,Burglary reported under city limits of Dakshina Kannada. Modus operandi: night break in.
368,104070013202500007,202500007,2025-11-07,38,13,1,2,4,11,4,7,2025-11-06 00:00:00,2025-11-07 00:00:00,2025-11-07 00:00:00,15.14490656416919,76.89399854436387,Cybercrime reported under city limits of Ballari. Modus operandi: impersonation.
369,104020003202600012,202600012,2026-02-19,7,3,1,1,2,5,2,,2026-02-18 00:00:00,2026-02-19 00:00:00,2026-02-19 00:00:00,12.232780259972625,76.57926655123066,Robbery reported under city limits of Mysuru. Modus operandi: armed robbery.
370,104110021202600007,202600007,2026-04-26,63,21,1,2,2,1,4,11,2026-04-24 00:00:00,2026-04-25 00:00:00,2026-04-26 00:00:00,13.323737867094204,74.7084211979391,Burglary reported under city limits of Udupi. Modus operandi: night break in.
371,104030006202500003,202500003,2025-02-16,17,6,1,2,4,11,3,3,2025-02-13 00:00:00,2025-02-14 00:00:00,2025-02-16 00:00:00,12.94395201722011,74.89764293030743,Cybercrime reported under rural limits of Dakshina Kannada. Modus operandi: impersonation.
372,104050010202500007,202500007,2025-05-25,29,10,1,2,2,3,2,,2025-05-25 00:00:00,2025-05-26 00:00:00,2025-05-25 00:00:00,15.822651507563704,74.5388231823638,Chain Snatching reported under rural limits of Belagavi. Modus operandi: two wheeler getaway.
373,104110021202600008,202600008,2026-02-27,62,21,1,2,2,2,3,11,2026-02-24 00:00:00,2026-02-25 00:00:00,2026-02-27 00:00:00,13.334788850831426,74.81239556700494,House Theft reported under city limits of Udupi. Modus operandi: lock breaking.
374,104120023202600008,202600008,2026-07-02,69,23,1,2,2,1,1,,2026-07-01 00:00:00,2026-07-02 00:00:00,2026-07-02 00:00:00,12.490771043491735,76.82298029113524,Burglary reported under city limits of Mandya. Modus operandi: lock breaking.
375,104110021202600009,202600009,2026-04-12,61,21,1,1,3,16,1,,2026-04-09 00:00:00,2026-04-10 00:00:00,2026-04-12 00:00:00,13.312161886917055,74.6792928539127,Counterfeiting reported under city limits of Udupi. Modus operandi: fake currency.
376,304100019202500001,202500001,2025-10-17,57,19,3,2,4,11,3,10,2025-10-17 00:00:00,2025-10-18 00:00:00,2025-10-17 00:00:00,13.41834811926782,77.11314904371295,Cybercrime reported under city limits of Tumakuru. Modus operandi: otp fraud.
377,104040008202600012,202600012,2026-02-19,23,8,1,1,2,5,2,,2026-02-19 00:00:00,2026-02-20 00:00:00,2026-02-19 00:00:00,15.452892268530837,75.14836188858001,Robbery reported under rural limits of Hubballi-Dharwad. Modus operandi: armed robbery.
378,104120024202500007,202500007,2025-06-22,72,24,1,1,2,6,2,,2025-06-19 00:00:00,2025-06-20 00:00:00,2025-06-22 00:00:00,12.593256916222348,76.8658409138253,Dacoity reported under rural limits of Mandya. Modus operandi: armed robbery.
379,104120023202600009,202600009,2026-03-02,68,23,1,2,2,4,1,,2026-02-27 00:00:00,2026-02-28 00:00:00,2026-03-02 00:00:00,12.50549751486182,76.96784002605322,Vehicle Theft reported under city limits of Mandya. Modus operandi: duplicate key.
380,804010001202500003,202500003,2025-07-11,1,1,8,1,5,14,1,,2025-07-09 00:00:00,2025-07-10 00:00:00,2025-07-11 00:00:00,12.967407664897292,77.66896338281724,Extortion reported under city limits of Bengaluru Urban. Modus operandi: gang operation.
381,104030005202600013,202600013,2026-02-28,14,5,1,2,2,1,2,,2026-02-25 00:00:00,2026-02-26 00:00:00,2026-02-28 00:00:00,12.938625785129517,74.76782304818182,Burglary reported under city limits of Dakshina Kannada. Modus operandi: night break in.
382,104100020202600009,202600009,2026-05-28,58,20,1,2,3,10,2,,2026-05-26 00:00:00,2026-05-27 00:00:00,2026-05-28 00:00:00,13.284858510014228,77.14639518681001,Cheating & Fraud reported under rural limits of Tumakuru. Modus operandi: impersonation.
383,104080015202600016,202600016,2026-05-16,45,15,1,2,2,3,4,8,2026-05-14 00:00:00,2026-05-15 00:00:00,2026-05-16 00:00:00,16.826759200333434,75.75050409763585,Chain Snatching reported under city limits of Vijayapura. Modus operandi: two wheeler getaway.
384,104020003202600013,202600013,2026-03-28,8,3,1,2,2,4,2,,2026-03-26 00:00:00,2026-03-27 00:00:00,2026-03-28 00:00:00,12.337783707267791,76.56986364600304,Vehicle Theft reported under city limits of Mysuru. Modus operandi: vehicle lifting.
385,104070013202500008,202500008,2025-05-10,39,13,1,2,2,1,1,,2025-05-09 00:00:00,2025-05-10 00:00:00,2025-05-10 00:00:00,15.099044704447127,76.89284174847752,Burglary reported under city limits of Ballari. Modus operandi: night break in.
386,304030006202600001,202600001,2026-01-19,17,6,3,1,6,12,2,,2026-01-18 00:00:00,2026-01-19 00:00:00,2026-01-19 00:00:00,12.855309244402125,74.88057698468585,Drug Trafficking reported under rural limits of Dakshina Kannada. Modus operandi: drug courier.
387,104070014202600008,202600008,2026-04-14,41,14,1,2,2,4,2,,2026-04-14 00:00:00,2026-04-15 00:00:00,2026-04-14 00:00:00,15.082513994849846,76.94145974212196,Vehicle Theft reported under rural limits of Ballari. Modus operandi: vehicle lifting.
388,104010001202600009,202600009,2026-05-27,3,1,1,1,1,13,3,1,2026-05-25 00:00:00,2026-05-26 00:00:00,2026-05-27 00:00:00,13.009080791639537,77.58932165384796,Kidnapping reported under city limits of Bengaluru Urban. Modus operandi: personal enmity.
389,104080015202600017,202600017,2026-06-15,43,15,1,1,2,5,2,,2026-06-12 00:00:00,2026-06-13 00:00:00,2026-06-15 00:00:00,16.795145735046642,75.67616674050223,Robbery reported under city limits of Vijayapura. Modus operandi: two wheeler getaway.
390,104020004202600004,202600004,2026-04-17,10,4,1,1,5,14,4,2,2026-04-14 00:00:00,2026-04-15 00:00:00,2026-04-17 00:00:00,12.289939229720458,76.62224120983909,Extortion reported under rural limits of Mysuru. Modus operandi: threat call.
391,104120024202600005,202600005,2026-07-13,70,24,1,2,2,1,2,,2026-07-13 00:00:00,2026-07-14 00:00:00,2026-07-13 00:00:00,12.43255222286582,76.96566218863204,Burglary reported under rural limits of Mandya. Modus operandi: lock breaking.
392,304060011202600002,202600002,2026-01-16,31,11,3,2,2,3,3,6,2026-01-14 00:00:00,2026-01-15 00:00:00,2026-01-16 00:00:00,17.256464854080974,76.90224847079553,Chain Snatching reported under city limits of Kalaburagi. Modus operandi: crowded market.
393,104090017202500004,202500004,2025-07-10,50,17,1,2,2,3,2,,2025-07-10 00:00:00,2025-07-11 00:00:00,2025-07-10 00:00:00,14.002744495042228,75.57068614712395,Chain Snatching reported under city limits of Shivamogga. Modus operandi: crowded market.
394,104060012202500007,202500007,2025-08-19,35,12,1,1,6,12,4,6,2025-08-16 00:00:00,2025-08-17 00:00:00,2025-08-19 00:00:00,17.38488739436753,76.88122945598158,Drug Trafficking reported under rural limits of Kalaburagi. Modus operandi: hostel supply.
395,104100020202600010,202600010,2026-06-04,60,20,1,2,4,11,2,,2026-06-02 00:00:00,2026-06-03 00:00:00,2026-06-04 00:00:00,13.366332344063185,77.03499691413734,Cybercrime reported under rural limits of Tumakuru. Modus operandi: impersonation.
396,104020004202600005,202600005,2026-07-15,10,4,1,2,2,1,4,2,2026-07-14 00:00:00,2026-07-15 00:00:00,2026-07-15 00:00:00,12.353143651615083,76.65696041382904,Burglary reported under rural limits of Mysuru. Modus operandi: cctv blindspot.
397,804100020202600001,202600001,2026-06-23,59,20,8,1,2,5,1,,2026-06-21 00:00:00,2026-06-22 00:00:00,2026-06-23 00:00:00,13.361750496052764,77.20266162175238,Robbery reported under rural limits of Tumakuru. Modus operandi: armed robbery.
398,104090018202600006,202600006,2026-05-21,53,18,1,2,2,1,1,,2026-05-19 00:00:00,2026-05-20 00:00:00,2026-05-21 00:00:00,13.908937765203975,75.51306006665286,Burglary reported under rural limits of Shivamogga. Modus operandi: cctv blindspot.
399,104120024202500008,202500008,2025-03-08,70,24,1,2,2,1,1,,2025-03-07 00:00:00,2025-03-08 00:00:00,2025-03-08 00:00:00,12.533270717291348,76.8611779422775,Burglary reported under rural limits of Mandya. Modus operandi: lock breaking.
400,104100020202500007,202500007,2025-02-10,60,20,1,2,2,4,2,,2025-02-08 00:00:00,2025-02-09 00:00:00,2025-02-10 00:00:00,13.398898327359557,77.15484794711247,Vehicle Theft reported under rural limits of Tumakuru. Modus operandi: duplicate key.
401,104010002202600006,202600006,2026-07-13,4,2,1,2,2,2,4,1,2026-07-11 00:00:00,2026-07-12 00:00:00,2026-07-13 00:00:00,12.903049995092116,77.62920244076793,House Theft reported under rural limits of Bengaluru Urban. Modus operandi: lock breaking.
402,104010002202500005,202500005,2025-10-17,4,2,1,1,6,12,3,1,2025-10-14 00:00:00,2025-10-15 00:00:00,2025-10-17 00:00:00,12.916854787066951,77.53809017877131,Drug Trafficking reported under rural limits of Bengaluru Urban. Modus operandi: hostel supply.
403,104110021202600010,202600010,2026-05-22,63,21,1,2,1,9,4,11,2026-05-21 00:00:00,2026-05-22 00:00:00,2026-05-22 00:00:00,13.315089558876679,74.74185377430207,Assault reported under city limits of Udupi. Modus operandi: street fight.
404,104040007202600011,202600011,2026-02-20,19,7,1,2,2,2,1,,2026-02-17 00:00:00,2026-02-18 00:00:00,2026-02-20 00:00:00,15.294432091347685,75.04399077750836,House Theft reported under city limits of Hubballi-Dharwad. Modus operandi: insider info.
405,104090018202600007,202600007,2026-06-05,53,18,1,1,6,12,2,,2026-06-05 00:00:00,2026-06-06 00:00:00,2026-06-05 00:00:00,13.877940322861635,75.64243170437813,Drug Trafficking reported under rural limits of Shivamogga. Modus operandi: hostel supply.
406,104100020202600011,202600011,2026-03-07,58,20,1,1,6,12,2,,2026-03-05 00:00:00,2026-03-06 00:00:00,2026-03-07 00:00:00,13.355161523082852,77.06880251389947,Drug Trafficking reported under rural limits of Tumakuru. Modus operandi: drug courier.
407,104050009202600012,202600012,2026-05-29,25,9,1,2,3,10,2,,2026-05-28 00:00:00,2026-05-29 00:00:00,2026-05-29 00:00:00,15.922861470415071,74.41686359397117,Cheating & Fraud reported under city limits of Belagavi. Modus operandi: fake investment.
408,104070013202600005,202600005,2026-03-24,39,13,1,1,3,16,2,,2026-03-21 00:00:00,2026-03-22 00:00:00,2026-03-24 00:00:00,15.050669324026071,76.8799720477393,Counterfeiting reported under city limits of Ballari. Modus operandi: syndicate.
409,104010001202500009,202500009,2025-11-06,1,1,1,1,6,12,2,,2025-11-06 00:00:00,2025-11-07 00:00:00,2025-11-06 00:00:00,12.936275780432299,77.64311823516655,Drug Trafficking reported under city limits of Bengaluru Urban. Modus operandi: hostel supply.
410,104020003202500013,202500013,2025-05-04,7,3,1,1,6,12,3,2,2025-05-01 00:00:00,2025-05-02 00:00:00,2025-05-04 00:00:00,12.302892339238152,76.66622766377925,Drug Trafficking reported under city limits of Mysuru. Modus operandi: drug courier.
411,104110021202600011,202600011,2026-01-26,63,21,1,1,2,5,2,,2026-01-26 00:00:00,2026-01-27 00:00:00,2026-01-26 00:00:00,13.33956249501705,74.79166315909046,Robbery reported under city limits of Udupi. Modus operandi: two wheeler getaway.
412,104030005202600014,202600014,2026-03-23,15,5,1,2,2,1,2,,2026-03-21 00:00:00,2026-03-22 00:00:00,2026-03-23 00:00:00,12.893740924860722,74.780614634905,Burglary reported under city limits of Dakshina Kannada. Modus operandi: cctv blindspot.
413,104120023202600010,202600010,2026-03-07,69,23,1,2,2,1,2,,2026-03-04 00:00:00,2026-03-05 00:00:00,2026-03-07 00:00:00,12.448975584171897,76.82702689415272,Burglary reported under city limits of Mandya. Modus operandi: night break in.
414,104100019202600011,202600011,2026-02-15,57,19,1,1,2,6,1,,2026-02-13 00:00:00,2026-02-14 00:00:00,2026-02-15 00:00:00,13.365183292929641,77.0916857557606,Dacoity reported under city limits of Tumakuru. Modus operandi: armed robbery.
415,104100020202600012,202600012,2026-06-09,58,20,1,1,1,8,4,10,2026-06-08 00:00:00,2026-06-09 00:00:00,2026-06-09 00:00:00,13.379514526091143,77.09045923237242,Attempt to Murder reported under rural limits of Tumakuru. Modus operandi: personal enmity.
416,104060012202600012,202600012,2026-07-08,34,12,1,2,1,9,2,,2026-07-08 00:00:00,2026-07-09 00:00:00,2026-07-08 00:00:00,17.41504464739263,76.81342274550646,Assault reported under rural limits of Kalaburagi. Modus operandi: personal enmity.
417,104060012202600013,202600013,2026-03-13,36,12,1,1,6,12,3,6,2026-03-11 00:00:00,2026-03-12 00:00:00,2026-03-13 00:00:00,17.367228409441,76.7685508578673,Drug Trafficking reported under rural limits of Kalaburagi. Modus operandi: drug courier.
418,104070013202500009,202500009,2025-08-06,37,13,1,2,2,1,3,7,2025-08-03 00:00:00,2025-08-04 00:00:00,2025-08-06 00:00:00,15.112413743110933,76.90555060024244,Burglary reported under city limits of Ballari. Modus operandi: cctv blindspot.
419,104070014202500005,202500005,2025-08-21,41,14,1,2,2,4,2,,2025-08-21 00:00:00,2025-08-22 00:00:00,2025-08-21 00:00:00,15.221011688989215,76.90500013107304,Vehicle Theft reported under rural limits of Ballari. Modus operandi: duplicate key.
420,104080016202600010,202600010,2026-01-02,46,16,1,2,2,1,4,8,2026-01-02 00:00:00,2026-01-03 00:00:00,2026-01-02 00:00:00,16.847111153411493,75.74641221176367,Burglary reported under rural limits of Vijayapura. Modus operandi: lock breaking.
421,104090017202500005,202500005,2025-03-21,49,17,1,2,5,15,3,9,2025-03-20 00:00:00,2025-03-21 00:00:00,2025-03-21 00:00:00,13.983809773849883,75.58370265903362,Rioting reported under city limits of Shivamogga. Modus operandi: mob.
422,104120024202500009,202500009,2025-06-02,70,24,1,2,4,11,2,,2025-06-02 00:00:00,2025-06-03 00:00:00,2025-06-02 00:00:00,12.522762672421708,76.95040312585382,Cybercrime reported under rural limits of Mandya. Modus operandi: fake upi link.
423,104120023202600011,202600011,2026-05-26,68,23,1,1,2,5,3,12,2026-05-24 00:00:00,2026-05-25 00:00:00,2026-05-26 00:00:00,12.517178613827749,76.93306843466553,Robbery reported under city limits of Mandya. Modus operandi: two wheeler getaway.
424,104070014202500006,202500006,2025-06-22,40,14,1,2,4,11,2,,2025-06-20 00:00:00,2025-06-21 00:00:00,2025-06-22 00:00:00,15.158144814130479,76.93424108865075,Cybercrime reported under rural limits of Ballari. Modus operandi: impersonation.
425,104120023202500008,202500008,2025-06-07,67,23,1,2,2,2,1,,2025-06-05 00:00:00,2025-06-06 00:00:00,2025-06-07 00:00:00,12.442690819050371,76.9651092520399,House Theft reported under city limits of Mandya. Modus operandi: lock breaking.
426,104050009202500005,202500005,2025-08-20,25,9,1,2,5,15,3,5,2025-08-19 00:00:00,2025-08-20 00:00:00,2025-08-20 00:00:00,15.815782249577158,74.45967687500156,Rioting reported under city limits of Belagavi. Modus operandi: mob.
427,104050010202600008,202600008,2026-01-28,29,10,1,2,2,2,2,,2026-01-27 00:00:00,2026-01-28 00:00:00,2026-01-28 00:00:00,15.80313728048727,74.46020179789029,House Theft reported under rural limits of Belagavi. Modus operandi: lock breaking.
428,104030005202600015,202600015,2026-01-23,13,5,1,2,2,4,2,,2026-01-21 00:00:00,2026-01-22 00:00:00,2026-01-23 00:00:00,12.944638514577782,74.90827164373732,Vehicle Theft reported under city limits of Dakshina Kannada. Modus operandi: vehicle lifting.
429,104120024202500010,202500010,2025-09-07,70,24,1,2,2,1,3,12,2025-09-05 00:00:00,2025-09-06 00:00:00,2025-09-07 00:00:00,12.535667489855737,76.93290414437614,Burglary reported under rural limits of Mandya. Modus operandi: night break in.
430,104040007202600012,202600012,2026-04-03,20,7,1,2,5,15,3,4,2026-04-02 00:00:00,2026-04-03 00:00:00,2026-04-03 00:00:00,15.32941519922372,75.04131206085532,Rioting reported under city limits of Hubballi-Dharwad. Modus operandi: mob.
431,104110021202600012,202600012,2026-05-07,63,21,1,1,2,6,1,,2026-05-07 00:00:00,2026-05-08 00:00:00,2026-05-07 00:00:00,13.351706172359734,74.77780989389903,Dacoity reported under city limits of Udupi. Modus operandi: armed robbery.
432,104090018202500004,202500004,2025-08-07,54,18,1,2,2,1,1,,2025-08-07 00:00:00,2025-08-08 00:00:00,2025-08-07 00:00:00,13.955695730422251,75.65625111007542,Burglary reported under rural limits of Shivamogga. Modus operandi: night break in.
433,104020003202500014,202500014,2025-06-13,8,3,1,2,4,11,2,,2025-06-12 00:00:00,2025-06-13 00:00:00,2025-06-13 00:00:00,12.221430232645199,76.63349141410608,Cybercrime reported under city limits of Mysuru. Modus operandi: impersonation.
434,104100020202500008,202500008,2025-09-15,59,20,1,2,3,10,1,,2025-09-15 00:00:00,2025-09-16 00:00:00,2025-09-15 00:00:00,13.286043247100524,77.18428300048244,Cheating & Fraud reported under rural limits of Tumakuru. Modus operandi: impersonation.
435,104060012202600014,202600014,2026-03-22,34,12,1,1,3,16,2,,2026-03-20 00:00:00,2026-03-21 00:00:00,2026-03-22 00:00:00,17.40811732473578,76.86415307111871,Counterfeiting reported under rural limits of Kalaburagi. Modus operandi: syndicate.
436,104070013202500010,202500010,2025-02-23,39,13,1,2,2,1,2,,2025-02-20 00:00:00,2025-02-21 00:00:00,2025-02-23 00:00:00,15.128463052013517,76.9497462380711,Burglary reported under city limits of Ballari. Modus operandi: cctv blindspot.
437,104110022202500012,202500012,2025-09-18,64,22,1,1,6,12,3,11,2025-09-16 00:00:00,2025-09-17 00:00:00,2025-09-18 00:00:00,13.307397620949521,74.68507731061,Drug Trafficking reported under rural limits of Udupi. Modus operandi: drug courier.
438,104020004202600006,202600006,2026-05-27,10,4,1,2,4,11,2,,2026-05-27 00:00:00,2026-05-28 00:00:00,2026-05-27 00:00:00,12.30698703820277,76.72751271919869,Cybercrime reported under rural limits of Mysuru. Modus operandi: impersonation.
439,104100020202500009,202500009,2025-03-12,60,20,1,2,2,1,3,10,2025-03-10 00:00:00,2025-03-11 00:00:00,2025-03-12 00:00:00,13.286850180043466,77.1704856833212,Burglary reported under rural limits of Tumakuru. Modus operandi: cctv blindspot.
440,104040008202600013,202600013,2026-05-01,23,8,1,1,2,5,2,,2026-04-29 00:00:00,2026-04-30 00:00:00,2026-05-01 00:00:00,15.324531066550685,75.20445454332605,Robbery reported under rural limits of Hubballi-Dharwad. Modus operandi: armed robbery.
441,104020003202600014,202600014,2026-07-03,8,3,1,2,2,4,4,2,2026-07-01 00:00:00,2026-07-02 00:00:00,2026-07-03 00:00:00,12.263619028906524,76.62678680821378,Vehicle Theft reported under city limits of Mysuru. Modus operandi: vehicle lifting.
442,104110022202600010,202600010,2026-06-14,66,22,1,2,2,2,3,11,2026-06-12 00:00:00,2026-06-13 00:00:00,2026-06-14 00:00:00,13.252009622954391,74.70570819423105,House Theft reported under rural limits of Udupi. Modus operandi: lock breaking.
443,104100019202500004,202500004,2025-11-27,57,19,1,1,6,12,2,,2025-11-24 00:00:00,2025-11-25 00:00:00,2025-11-27 00:00:00,13.397860726369172,77.10822503434512,Drug Trafficking reported under city limits of Tumakuru. Modus operandi: hostel supply.
444,104030006202500004,202500004,2025-03-10,17,6,1,1,2,5,1,,2025-03-10 00:00:00,2025-03-11 00:00:00,2025-03-10 00:00:00,12.849073772750236,74.9275606422862,Robbery reported under rural limits of Dakshina Kannada. Modus operandi: armed robbery.
445,304020003202600002,202600002,2026-03-23,8,3,3,1,1,13,3,2,2026-03-23 00:00:00,2026-03-24 00:00:00,2026-03-23 00:00:00,12.34741443262361,76.69402446306832,Kidnapping reported under city limits of Mysuru. Modus operandi: personal enmity.
446,104070013202500011,202500011,2025-09-23,39,13,1,2,4,11,2,,2025-09-21 00:00:00,2025-09-22 00:00:00,2025-09-23 00:00:00,15.136143588582613,76.96971637379248,Cybercrime reported under city limits of Ballari. Modus operandi: impersonation.
447,104060011202500006,202500006,2025-12-05,31,11,1,2,1,9,2,,2025-12-02 00:00:00,2025-12-03 00:00:00,2025-12-05 00:00:00,17.395820217368005,76.8227517588932,Assault reported under city limits of Kalaburagi. Modus operandi: street fight.
448,104050010202500008,202500008,2025-09-12,28,10,1,1,5,14,1,,2025-09-09 00:00:00,2025-09-10 00:00:00,2025-09-12 00:00:00,15.820413735637255,74.48719795166961,Extortion reported under rural limits of Belagavi. Modus operandi: gang operation.
449,104040008202600014,202600014,2026-05-05,23,8,1,2,2,4,2,,2026-05-04 00:00:00,2026-05-05 00:00:00,2026-05-05 00:00:00,15.428440364932454,75.18316186318732,Vehicle Theft reported under rural limits of Hubballi-Dharwad. Modus operandi: duplicate key.
450,104010001202600010,202600010,2026-03-19,1,1,1,2,3,10,3,1,2026-03-18 00:00:00,2026-03-19 00:00:00,2026-03-19 00:00:00,12.905032268672624,77.62081350216214,Cheating & Fraud reported under city limits of Bengaluru Urban. Modus operandi: impersonation.
451,104090018202500005,202500005,2025-04-24,54,18,1,2,2,2,3,9,2025-04-21 00:00:00,2025-04-22 00:00:00,2025-04-24 00:00:00,13.889427953504585,75.58605267755166,House Theft reported under rural limits of Shivamogga. Modus operandi: lock breaking.
452,104060011202600009,202600009,2026-06-13,32,11,1,2,2,2,1,,2026-06-12 00:00:00,2026-06-13 00:00:00,2026-06-13 00:00:00,17.248453238078206,76.88284221101385,House Theft reported under city limits of Kalaburagi. Modus operandi: insider info.
453,104010001202600011,202600011,2026-06-30,3,1,1,2,2,3,4,1,2026-06-29 00:00:00,2026-06-30 00:00:00,2026-06-30 00:00:00,13.003794033786654,77.58425414872859,Chain Snatching reported under city limits of Bengaluru Urban. Modus operandi: two wheeler getaway.
454,104010001202500010,202500010,2025-03-07,1,1,1,2,2,3,2,,2025-03-07 00:00:00,2025-03-08 00:00:00,2025-03-07 00:00:00,13.054312297500111,77.68446685267183,Chain Snatching reported under city limits of Bengaluru Urban. Modus operandi: crowded market.
455,104020004202500003,202500003,2025-08-06,12,4,1,2,2,4,2,,2025-08-04 00:00:00,2025-08-05 00:00:00,2025-08-06 00:00:00,12.24115021679476,76.70003118902035,Vehicle Theft reported under rural limits of Mysuru. Modus operandi: duplicate key.
456,104040007202500008,202500008,2025-07-04,19,7,1,1,1,8,4,4,2025-07-02 00:00:00,2025-07-03 00:00:00,2025-07-04 00:00:00,15.36470008901581,75.14316139966343,Attempt to Murder reported under city limits of Hubballi-Dharwad. Modus operandi: personal enmity.
457,104060012202500008,202500008,2025-12-30,34,12,1,2,2,2,1,,2025-12-30 00:00:00,2025-12-31 00:00:00,2025-12-30 00:00:00,17.256218988343885,76.79874960646796,House Theft reported under rural limits of Kalaburagi. Modus operandi: insider info.
458,104110022202600011,202600011,2026-05-15,65,22,1,2,2,3,2,,2026-05-14 00:00:00,2026-05-15 00:00:00,2026-05-15 00:00:00,13.270783940420113,74.72439257534258,Chain Snatching reported under rural limits of Udupi. Modus operandi: two wheeler getaway.
459,104020003202500015,202500015,2025-09-29,8,3,1,2,3,10,3,2,2025-09-27 00:00:00,2025-09-28 00:00:00,2025-09-29 00:00:00,12.2375433484504,76.66210805807319,Cheating & Fraud reported under city limits of Mysuru. Modus operandi: impersonation.
460,104040007202600013,202600013,2026-07-05,21,7,1,2,2,1,1,,2026-07-05 00:00:00,2026-07-06 00:00:00,2026-07-05 00:00:00,15.33894382671248,75.09854527259805,Burglary reported under city limits of Hubballi-Dharwad. Modus operandi: lock breaking.
461,104010002202600007,202600007,2026-05-11,5,2,1,1,3,16,2,,2026-05-09 00:00:00,2026-05-10 00:00:00,2026-05-11 00:00:00,12.943296306248197,77.66162677329537,Counterfeiting reported under rural limits of Bengaluru Urban. Modus operandi: syndicate.
462,104010002202600008,202600008,2026-01-20,6,2,1,2,5,15,2,,2026-01-18 00:00:00,2026-01-19 00:00:00,2026-01-20 00:00:00,13.03029623627048,77.54301126733925,Rioting reported under rural limits of Bengaluru Urban. Modus operandi: communal.
463,104040008202600015,202600015,2026-07-15,22,8,1,2,1,9,2,,2026-07-13 00:00:00,2026-07-14 00:00:00,2026-07-15 00:00:00,15.305550883089005,75.17415818654094,Assault reported under rural limits of Hubballi-Dharwad. Modus operandi: street fight.
464,104080015202600018,202600018,2026-05-10,45,15,1,2,2,4,3,8,2026-05-08 00:00:00,2026-05-09 00:00:00,2026-05-10 00:00:00,16.75733193014264,75.68920179519336,Vehicle Theft reported under city limits of Vijayapura. Modus operandi: vehicle lifting.
465,104120023202600012,202600012,2026-06-16,69,23,1,1,2,5,2,,2026-06-15 00:00:00,2026-06-16 00:00:00,2026-06-16 00:00:00,12.539758015512675,76.86117002569567,Robbery reported under city limits of Mandya. Modus operandi: two wheeler getaway.
466,104110021202600013,202600013,2026-03-23,62,21,1,2,3,10,2,,2026-03-23 00:00:00,2026-03-24 00:00:00,2026-03-23 00:00:00,13.308704377130232,74.68288317671548,Cheating & Fraud reported under city limits of Udupi. Modus operandi: impersonation.
467,104040007202600014,202600014,2026-01-16,19,7,1,2,1,9,2,,2026-01-16 00:00:00,2026-01-17 00:00:00,2026-01-16 00:00:00,15.361079873957484,75.13011578004435,Assault reported under city limits of Hubballi-Dharwad. Modus operandi: street fight.
468,104110021202600014,202600014,2026-05-29,63,21,1,2,3,10,2,,2026-05-27 00:00:00,2026-05-28 00:00:00,2026-05-29 00:00:00,13.393126295964793,74.70652928420844,Cheating & Fraud reported under city limits of Udupi. Modus operandi: fake investment.
469,804060011202600001,202600001,2026-01-05,31,11,8,2,2,1,1,,2026-01-02 00:00:00,2026-01-03 00:00:00,2026-01-05 00:00:00,17.349923500495777,76.76114512270614,Burglary reported under city limits of Kalaburagi. Modus operandi: lock breaking.
470,104070013202600006,202600006,2026-03-02,39,13,1,2,1,9,3,7,2026-03-01 00:00:00,2026-03-02 00:00:00,2026-03-02 00:00:00,15.147603419973143,76.83694373799358,Assault reported under city limits of Ballari. Modus operandi: street fight.
471,104040008202500005,202500005,2025-08-10,24,8,1,1,6,12,1,,2025-08-08 00:00:00,2025-08-09 00:00:00,2025-08-10 00:00:00,15.371925301996804,75.06051666608639,Drug Trafficking reported under rural limits of Hubballi-Dharwad. Modus operandi: hostel supply.
472,104090017202600012,202600012,2026-05-28,51,17,1,2,2,3,2,,2026-05-25 00:00:00,2026-05-26 00:00:00,2026-05-28 00:00:00,13.890428283943422,75.61567703498937,Chain Snatching reported under city limits of Shivamogga. Modus operandi: crowded market.
473,104010001202600012,202600012,2026-06-04,3,1,1,1,5,14,2,,2026-06-02 00:00:00,2026-06-03 00:00:00,2026-06-04 00:00:00,12.948101719104127,77.61263232302423,Extortion reported under city limits of Bengaluru Urban. Modus operandi: gang operation.
474,104050010202600009,202600009,2026-07-06,28,10,1,2,4,11,4,5,2026-07-04 00:00:00,2026-07-05 00:00:00,2026-07-06 00:00:00,15.81327965607196,74.58132326775677,Cybercrime reported under rural limits of Belagavi. Modus operandi: fake upi link.
475,104070014202600009,202600009,2026-02-02,41,14,1,2,1,9,2,,2026-01-30 00:00:00,2026-01-31 00:00:00,2026-02-02 00:00:00,15.206040961752274,76.90154424121474,Assault reported under rural limits of Ballari. Modus operandi: street fight.
476,104070013202600007,202600007,2026-07-15,37,13,1,2,2,1,2,,2026-07-14 00:00:00,2026-07-15 00:00:00,2026-07-15 00:00:00,15.176427425812557,76.89340231478084,Burglary reported under city limits of Ballari. Modus operandi: lock breaking.
477,104070014202600010,202600010,2026-03-29,41,14,1,2,2,4,4,7,2026-03-28 00:00:00,2026-03-29 00:00:00,2026-03-29 00:00:00,15.11409866339583,76.84060298489277,Vehicle Theft reported under rural limits of Ballari. Modus operandi: duplicate key.
478,104030006202600006,202600006,2026-02-08,17,6,1,2,2,2,2,,2026-02-08 00:00:00,2026-02-09 00:00:00,2026-02-08 00:00:00,12.995005003440566,74.85769706654268,House Theft reported under rural limits of Dakshina Kannada. Modus operandi: insider info.
479,104050009202600013,202600013,2026-06-02,25,9,1,1,1,13,3,5,2026-05-31 00:00:00,2026-06-01 00:00:00,2026-06-02 00:00:00,15.80317342446912,74.44807997133098,Kidnapping reported under city limits of Belagavi. Modus operandi: ransom.
480,104060012202600015,202600015,2026-06-29,35,12,1,1,5,14,2,,2026-06-28 00:00:00,2026-06-29 00:00:00,2026-06-29 00:00:00,17.312203509037197,76.78069869506471,Extortion reported under rural limits of Kalaburagi. Modus operandi: gang operation.
481,104010001202600013,202600013,2026-06-16,2,1,1,2,2,4,2,,2026-06-16 00:00:00,2026-06-17 00:00:00,2026-06-16 00:00:00,13.018753813336046,77.61890429979228,Vehicle Theft reported under city limits of Bengaluru Urban. Modus operandi: duplicate key.
482,304030005202600001,202600001,2026-04-13,13,5,3,2,2,2,2,,2026-04-11 00:00:00,2026-04-12 00:00:00,2026-04-13 00:00:00,12.999826053365506,74.88346525516268,House Theft reported under city limits of Dakshina Kannada. Modus operandi: lock breaking.
483,104070014202600011,202600011,2026-04-11,42,14,1,2,3,10,4,7,2026-04-10 00:00:00,2026-04-11 00:00:00,2026-04-11 00:00:00,15.103750293111057,76.90023802776226,Cheating & Fraud reported under rural limits of Ballari. Modus operandi: impersonation.
484,104060012202600016,202600016,2026-05-23,36,12,1,1,1,7,1,,2026-05-20 00:00:00,2026-05-21 00:00:00,2026-05-23 00:00:00,17.347735190012305,76.8650997136237,Murder reported under rural limits of Kalaburagi. Modus operandi: premeditated.
485,104120024202600006,202600006,2026-03-19,70,24,1,2,2,1,3,12,2026-03-18 00:00:00,2026-03-19 00:00:00,2026-03-19 00:00:00,12.598933615298197,76.83906610699799,Burglary reported under rural limits of Mandya. Modus operandi: night break in.
486,304060011202600003,202600003,2026-06-14,32,11,3,2,4,11,2,,2026-06-12 00:00:00,2026-06-13 00:00:00,2026-06-14 00:00:00,17.323607704623416,76.80547369689047,Cybercrime reported under city limits of Kalaburagi. Modus operandi: otp fraud.
487,104050010202500009,202500009,2025-07-19,29,10,1,1,2,6,2,,2025-07-16 00:00:00,2025-07-17 00:00:00,2025-07-19 00:00:00,15.776749853708596,74.43047060639113,Dacoity reported under rural limits of Belagavi. Modus operandi: armed robbery.
488,104040008202500006,202500006,2025-08-20,23,8,1,2,1,9,2,,2025-08-17 00:00:00,2025-08-18 00:00:00,2025-08-20 00:00:00,15.442844144513643,75.0704162501227,Assault reported under rural limits of Hubballi-Dharwad. Modus operandi: street fight.
489,304060011202500001,202500001,2025-09-21,32,11,3,2,2,3,2,,2025-09-21 00:00:00,2025-09-22 00:00:00,2025-09-21 00:00:00,17.381490316468103,76.87491583586502,Chain Snatching reported under city limits of Kalaburagi. Modus operandi: two wheeler getaway.
490,104120023202500009,202500009,2025-03-02,67,23,1,2,2,3,2,,2025-03-02 00:00:00,2025-03-03 00:00:00,2025-03-02 00:00:00,12.556380483773722,76.89860420624223,Chain Snatching reported under city limits of Mandya. Modus operandi: crowded market.
491,104100020202600013,202600013,2026-02-17,59,20,1,2,2,2,2,,2026-02-16 00:00:00,2026-02-17 00:00:00,2026-02-17 00:00:00,13.250829457430727,77.19026531535685,House Theft reported under rural limits of Tumakuru. Modus operandi: lock breaking.
492,104120024202600007,202600007,2026-02-01,71,24,1,2,2,4,3,12,2026-01-30 00:00:00,2026-01-31 00:00:00,2026-02-01 00:00:00,12.473958840626478,76.93024373648184,Vehicle Theft reported under rural limits of Mandya. Modus operandi: duplicate key.
493,104100020202600014,202600014,2026-02-27,60,20,1,2,2,2,3,10,2026-02-24 00:00:00,2026-02-25 00:00:00,2026-02-27 00:00:00,13.318914525420032,77.05887328617294,House Theft reported under rural limits of Tumakuru. Modus operandi: insider info.
494,104060012202500009,202500009,2025-09-02,34,12,1,2,4,11,2,,2025-09-01 00:00:00,2025-09-02 00:00:00,2025-09-02 00:00:00,17.38161670278553,76.92343959453814,Cybercrime reported under rural limits of Kalaburagi. Modus operandi: impersonation.
495,104120024202500011,202500011,2025-04-14,70,24,1,1,1,13,4,12,2025-04-14 00:00:00,2025-04-15 00:00:00,2025-04-14 00:00:00,12.544432160975598,76.95599553378727,Kidnapping reported under rural limits of Mandya. Modus operandi: ransom.
496,104110021202600015,202600015,2026-01-22,63,21,1,2,2,4,1,,2026-01-21 00:00:00,2026-01-22 00:00:00,2026-01-22 00:00:00,13.361799805207736,74.74681773743629,Vehicle Theft reported under city limits of Udupi. Modus operandi: duplicate key.
497,104080016202500008,202500008,2025-09-01,46,16,1,1,2,6,4,8,2025-08-31 00:00:00,2025-09-01 00:00:00,2025-09-01 00:00:00,16.752660388727488,75.79163488163147,Dacoity reported under rural limits of Vijayapura. Modus operandi: gang operation.
498,304050009202500001,202500001,2025-10-26,26,9,3,2,2,3,3,5,2025-10-25 00:00:00,2025-10-26 00:00:00,2025-10-26 00:00:00,15.840113249838167,74.56098233436681,Chain Snatching reported under city limits of Belagavi. Modus operandi: crowded market.
499,104050009202600014,202600014,2026-02-16,25,9,1,1,1,8,2,,2026-02-15 00:00:00,2026-02-16 00:00:00,2026-02-16 00:00:00,15.82558487850502,74.41170464941281,Attempt to Murder reported under city limits of Belagavi. Modus operandi: gang rivalry.
500,104070014202600012,202600012,2026-04-23,42,14,1,2,1,9,3,7,2026-04-22 00:00:00,2026-04-23 00:00:00,2026-04-23 00:00:00,15.1130375060305,76.93890429832842,Assault reported under rural limits of Ballari. Modus operandi: personal enmity.
